<?xml version="1.0" encoding="UTF-8"?>
<list xmlns:xsi="http://www.w3.org/2001/XMLSchema-instance" xsi:noNamespaceSchemaLocation="../../xsd/buylist.xsd">
	<item id="13" price="0" /> <!-- Short Bow -->
	<item id="14" price="0" /> <!-- Bow -->
	<item id="3028" price="0" /> <!-- Crescent Moon Bow -->
	<item id="271" price="0" /> <!-- Hunting Bow -->
	<item id="1181" price="0" /> <!-- Neti's Bow -->
	<item id="272" price="0" /> <!-- Forest Bow -->
	<item id="1213" price="0" /> <!-- Guard's Bow -->
	<item id="273" price="0" /> <!-- Composite Bow -->
	<item id="17" price="0" /> <!-- Wooden Arrow -->
</list>
