<?xml version="1.0" encoding="UTF-8"?>
<list xmlns:xsi="http://www.w3.org/2001/XMLSchema-instance" xsi:noNamespaceSchemaLocation="../../xsd/buylist.xsd">
	<item id="192" price="0" /> <!-- Crystal Staff -->
	<item id="194" price="0" /> <!-- Heavy Doom Axe -->
	<item id="191" price="0" /> <!-- Heavy Doom Hammer -->
	<item id="195" price="0" /> <!-- Cursed Staff -->
	<item id="198" price="0" /> <!-- Inferno Staff -->
	<item id="199" price="0" /> <!-- Pa'agrio Hammer -->
	<item id="197" price="0" /> <!-- Paradia Staff -->
	<item id="200" price="0" /> <!-- Sage's Staff -->
	<item id="203" price="0" /> <!-- Pa'agrio Axe -->
	<item id="204" price="0" /> <!-- Deadman's Staff -->
	<item id="206" price="0" /> <!-- Demon's Staff -->
	<item id="205" price="0" /> <!-- Ghoul's Staff -->
	<item id="7898" price="0" /> <!-- Karik Horn -->
	<item id="7897" price="0" /> <!-- Dwarven Hammer -->
	
</list>
