<?xml version="1.0" encoding="UTF-8"?>
<list xmlns:xsi="http://www.w3.org/2001/XMLSchema-instance" xsi:noNamespaceSchemaLocation="../../xsd/buylist.xsd">
	<item id="90470" price="0" /> <!-- Dark Crystal Helmet - Heavy Armor -->
	<item id="365" price="0" /> <!-- Dark Crystal Breastplate - Heavy Armor -->
	<item id="388" price="0" /> <!-- Dark Crystal Gaiters - Heavy Armor -->
	<item id="5765" price="0" /> <!-- Dark Crystal Gloves - Heavy Armor -->
	<item id="5777" price="0" /> <!-- Dark Crystal Boots - Heavy Armor -->
	<item id="641" price="0" /> <!-- Dark Crystal Shield - Heavy Armor -->
	<item id="90471" price="0" /> <!-- Dark Crystal Helmet - Light Armor -->
	<item id="2385" price="0" /> <!-- Dark Crystal Leather Armor - Light Armor -->
	<item id="2389" price="0" /> <!-- Dark Crystal Leggings - Light Armor -->
	<item id="5766" price="0" /> <!-- Dark Crystal Gloves - Light Armor -->
	<item id="5778" price="0" /> <!-- Dark Crystal Boots - Light Armor -->
	<item id="90472" price="0" /> <!-- Dark Crystal Helmet - Robe Armor -->
	<item id="2407" price="0" /> <!-- Dark Crystal Robe Armor - Robe Armor -->
	<item id="5767" price="0" /> <!-- Dark Crystal Gloves - Robe Armor -->
	<item id="5779" price="0" /> <!-- Dark Crystal Boots - Robe Armor -->
	<item id="90467" price="0" /> <!-- Tallum Helm - Heavy Armor -->
	<item id="2382" price="0" /> <!-- Tallum Plate Armor - Heavy Armor -->
	<item id="5768" price="0" /> <!-- Tallum Gloves - Heavy Armor -->
	<item id="5780" price="0" /> <!-- Tallum Boots - Heavy Armor -->
	<item id="90468" price="0" /> <!-- Tallum Helm - Light Armor -->
	<item id="2393" price="0" /> <!-- Tallum Leather Armor - Light Armor -->
	<item id="5769" price="0" /> <!-- Tallum Gloves - Light Armor -->
	<item id="5781" price="0" /> <!-- Tallum Boots - Light Armor -->
	<item id="90469" price="0" /> <!-- Tallum Helm - Robe Armor -->
	<item id="2400" price="0" /> <!-- Tallum Tunic - Robe Armor -->
	<item id="2405" price="0" /> <!-- Tallum Stockings - Robe Armor -->
	<item id="5770" price="0" /> <!-- Tallum Gloves - Robe Armor -->
	<item id="5782" price="0" /> <!-- Tallum Boots - Robe Armor -->
	<item id="90473" price="0" /> <!-- Helm of Nightmare - Heavy Armor -->
	<item id="374" price="0" /> <!-- Armor of Nightmare - Heavy Armor -->
	<item id="5771" price="0" /> <!-- Gauntlets of Nightmare - Heavy Armor -->
	<item id="5783" price="0" /> <!-- Boots of Nightmare - Heavy Armor -->
	<item id="2498" price="0" /> <!-- Shield of Nightmare - Heavy Armor -->
	<item id="90474" price="0" /> <!-- Helm of Nightmare - Light Armor -->
	<item id="2394" price="0" /> <!-- Leather Armor of Nightmare - Light Armor -->
	<item id="5772" price="0" /> <!-- Gauntlets of Nightmare - Light Armor -->
	<item id="5784" price="0" /> <!-- Boots of Nightmare - Light Armor -->
	<item id="90475" price="0" /> <!-- Helm of Nightmare - Robe Armor -->
	<item id="2408" price="0" /> <!-- Robe Armor of Nightmare - Robe Armor -->
	<item id="5773" price="0" /> <!-- Gauntlets of Nightmare - Robe Armor -->
	<item id="5785" price="0" /> <!-- Boots of Nightmare - Robe Armor -->
	<item id="90476" price="0" /> <!-- Majestic Circlet - Heavy Armor -->
	<item id="2383" price="0" /> <!-- Majestic Plate Armor - Heavy Armor -->
	<item id="5774" price="0" /> <!-- Majestic Gauntlets - Heavy Armor -->
	<item id="5786" price="0" /> <!-- Majestic Boots - Heavy Armor -->
	<item id="90477" price="0" /> <!-- Majestic Circlet - Light Armor -->
	<item id="2395" price="0" /> <!-- Majestic Leather Armor - Light Armor -->
	<item id="5775" price="0" /> <!-- Majestic Gauntlets - Light Armor -->
	<item id="5787" price="0" /> <!-- Majestic Boots - Light Armor -->
	<item id="90478" price="0" /> <!-- Majestic Circlet - Robe Armor -->
	<item id="2409" price="0" /> <!-- Majestic Robe Armor - Robe Armor -->
	<item id="5776" price="0" /> <!-- Majestic Gauntlets - Robe Armor -->
	<item id="5788" price="0" /> <!-- Majestic Boots - Robe Armor -->
</list>
