<?xml version="1.0" encoding="UTF-8"?>
<list xmlns:xsi="http://www.w3.org/2001/XMLSchema-instance" xsi:noNamespaceSchemaLocation="../../xsd/buylist.xsd">
	<item id="900" price="0" /> <!-- Ring of Grace -->
	<item id="869" price="0" /> <!-- Earring of Grace -->
	<item id="931" price="0" /> <!-- Necklace of Grace -->
	<item id="887" price="0" /> <!-- Adamantite Ring -->
	<item id="856" price="0" /> <!-- Adamantite Earring -->
	<item id="918" price="0" /> <!-- Adamantite Necklace -->
	<item id="117" price="0" /> <!-- Ring of Mana -->
	<item id="859" price="0" /> <!-- Earring of Mana -->
	<item id="891" price="0" /> <!-- Sage's Ring -->
	<item id="860" price="0" /> <!-- Sage's Earring -->
	<item id="922" price="0" /> <!-- Sage's Necklace -->
	<item id="895" price="0" /> <!-- Ring of Black Ore -->
	<item id="864" price="0" /> <!-- Earring of Black Ore -->
	<item id="926" price="0" /> <!-- Necklace of Black Ore -->
	<item id="905" price="0" /> <!-- Ring of Blessing -->
	<item id="874" price="0" /> <!-- Earring of Blessing -->
	<item id="936" price="0" /> <!-- Necklace of Blessing -->
	<item id="6660" price="0" /> <!-- Ring of Queen Ant -->
</list>
