<?xml version="1.0" encoding="UTF-8"?>
<list xmlns:xsi="http://www.w3.org/2001/XMLSchema-instance" xsi:noNamespaceSchemaLocation="../../xsd/buylist.xsd">
	<item id="1458" price="0" /> <!-- Crystal (D-Grade) -->
	<item id="1459" price="0" /> <!-- Crystal (C-Grade) -->
	<item id="1460" price="0" /> <!-- Crystal (B-Grade) -->
	<item id="1461" price="0" /> <!-- Crystal (A-Grade) -->
	<item id="2130" price="0" /> <!-- Gemstone D -->
	<item id="2131" price="0" /> <!-- Gemstone C -->
	<item id="2132" price="0" /> <!-- Gemstone B -->
	<item id="2133" price="0" /> <!-- Gemstone A -->
</list>
