<?xml version="1.0" encoding="UTF-8"?>
<list xmlns:xsi="http://www.w3.org/2001/XMLSchema-instance" xsi:noNamespaceSchemaLocation="../../xsd/buylist.xsd">
	<item id="302" price="0" /> <!-- Body Slasher -->
	<item id="298" price="0" /> <!-- Orcish Glaive -->
	<item id="96" price="0" /> <!-- Scythe -->
	<item id="94" price="0" /> <!-- Bec de Corbin -->
	<item id="95" price="0" /> <!-- Poleaxe -->
	<item id="301" price="0" /> <!-- Scorpion -->
	<item id="303" price="0" /> <!-- Widow Maker -->
		<item id="299" price="0" /> <!-- Orcish Poleaxe -->
</list>
