<?xml version="1.0" encoding="UTF-8"?>
<list xmlns:xsi="http://www.w3.org/2001/XMLSchema-instance" xsi:noNamespaceSchemaLocation="../../xsd/buylist.xsd">
	<item id="90458" price="0" /> <!-- Zubei's Helmet - Heavy Armor -->
	<item id="357" price="0" /> <!-- Zubei's Breastplate - Heavy Armor -->
	<item id="383" price="0" /> <!-- Zubei's Gaiters - Heavy Armor -->
	<item id="5710" price="0" /> <!-- Zubei's Gauntlets - Heavy Armor -->
	<item id="5726" price="0" /> <!-- Zubei's Boots - Heavy Armor -->
	<item id="633" price="0" /> <!-- Zubei's Shield - Heavy Armor -->
	<item id="90459" price="0" /> <!-- Zubei's Helmet - Light Armor -->
	<item id="2384" price="0" /> <!-- Zubei's Leather Shirt - Light Armor -->
	<item id="2388" price="0" /> <!-- Zubei's Leather Gaiters - Light Armor -->
	<item id="5711" price="0" /> <!-- Zubei's Gauntlets - Light Armor -->
	<item id="5727" price="0" /> <!-- Zubei's Boots - Light Armor -->
	<item id="90460" price="0" /> <!-- Zubei's Helmet - Robe Armor -->
	<item id="2397" price="0" /> <!-- Tunic of Zubei - Robe Armor -->
	<item id="2402" price="0" /> <!-- Stockings of Zubei - Robe Armor -->
	<item id="5712" price="0" /> <!-- Zubei's Gauntlets - Robe Armor -->
	<item id="5728" price="0" /> <!-- Zubei's Boots - Robe Armor -->
	<item id="90461" price="0" /> <!-- Blue Wolf Helmet - Heavy Armor -->
	<item id="358" price="0" /> <!-- Blue Wolf Breastplate - Heavy Armor -->
	<item id="2380" price="0" /> <!-- Blue Wolf Gaiters - Heavy Armor -->
	<item id="5718" price="0" /> <!-- Blue Wolf Gloves - Heavy Armor -->
	<item id="5734" price="0" /> <!-- Blue Wolf Boots - Heavy Armor -->
	<item id="90462" price="0" /> <!-- Blue Wolf Helmet - Light Armor -->
	<item id="2391" price="0" /> <!-- Blue Wolf Leather Armor - Light Armor -->
	<item id="5719" price="0" /> <!-- Blue Wolf Gloves - Light Armor -->
	<item id="5735" price="0" /> <!-- Blue Wolf Boots - Light Armor -->
	<item id="90463" price="0" /> <!-- Blue Wolf Helmet - Robe Armor -->
	<item id="2398" price="0" /> <!-- Blue Wolf Tunic - Robe Armor -->
	<item id="2403" price="0" /> <!-- Blue Wolf Stockings - Robe Armor -->
	<item id="5720" price="0" /> <!-- Blue Wolf Gloves - Robe Armor -->
	<item id="5736" price="0" /> <!-- Blue Wolf Boots - Robe Armor -->
	<item id="90455" price="0" /> <!-- Avadon Circlet - Heavy Armor -->
	<item id="2376" price="0" /> <!-- Avadon Breastplate - Heavy Armor -->
	<item id="2379" price="0" /> <!-- Avadon Gaiters - Heavy Armor -->
	<item id="5714" price="0" /> <!-- Avadon Gloves - Heavy Armor -->
	<item id="5730" price="0" /> <!-- Avadon Boots - Heavy Armor -->
	<item id="673" price="0" /> <!-- Avadon Shield - Heavy Armor -->
	<item id="90456" price="0" /> <!-- Avadon Circlet - Light Armor -->
	<item id="2390" price="0" /> <!-- Avadon Leather Armor - Light Armor -->
	<item id="5715" price="0" /> <!-- Avadon Gloves - Light Armor -->
	<item id="5731" price="0" /> <!-- Avadon Boots - Light Armor -->
	<item id="90457" price="0" /> <!-- Avadon Circlet - Robe Armor -->
	<item id="2406" price="0" /> <!-- Avadon Robe Armor - Robe Armor -->
	<item id="5716" price="0" /> <!-- Avadon Gloves - Robe Armor -->
	<item id="5732" price="0" /> <!-- Avadon Boots - Robe Armor -->
	<item id="90464" price="0" /> <!-- Doom Helmet - Heavy Armor -->
	<item id="2381" price="0" /> <!-- Doom Plate Armor - Heavy Armor -->
	<item id="5722" price="0" /> <!-- Doom Gloves - Heavy Armor -->
	<item id="5738" price="0" /> <!-- Doom Boots - Heavy Armor -->
	<item id="110" price="0" /> <!-- Doom Shield - Heavy Armor -->
	<item id="90465" price="0" /> <!-- Doom Helmet - Light Armor -->
	<item id="2392" price="0" /> <!-- Leather Armor of Doom - Light Armor -->
	<item id="5723" price="0" /> <!-- Doom Gloves - Light Armor -->
	<item id="5739" price="0" /> <!-- Doom Boots - Light Armor -->
	<item id="90466" price="0" /> <!-- Doom Helmet - Robe Armor -->
	<item id="2399" price="0" /> <!-- Tunic of Doom - Robe Armor -->
	<item id="2404" price="0" /> <!-- Stockings of Doom - Robe Armor -->
	<item id="5724" price="0" /> <!-- Doom Gloves - Robe Armor -->
	<item id="5740" price="0" /> <!-- Doom Boots - Robe Armor -->
</list>
