<?xml version="1.0" encoding="UTF-8"?>
<list xmlns:xsi="http://www.w3.org/2001/XMLSchema-instance" xsi:noNamespaceSchemaLocation="../../xsd/buylist.xsd">
	<item id="2516" price="0" /> <!-- Saber*Saber -->
	<item id="2519" price="0" /> <!-- Saber*Artisan's Sword -->
	<item id="2517" price="0" /> <!-- Saber*Bastard Sword -->
	<item id="2520" price="0" /> <!-- Saber*Knight's Sword -->
	<item id="2518" price="0" /> <!-- Saber*Spinebone Sword -->
	<item id="2540" price="0" /> <!-- Artisan's Sword*Artisan's Sword -->
	<item id="2541" price="0" /> <!-- Artisan's Sword*Knight's Sword -->
	<item id="2527" price="0" /> <!-- Bastard Sword*Artisan's Sword -->
	<item id="2525" price="0" /> <!-- Bastard Sword*Bastard Sword -->
	<item id="2526" price="0" /> <!-- Bastard Sword*Spinebone Sword -->
	<item id="2528" price="0" /> <!-- Bastard Sword*Knight's Sword -->
	<item id="2546" price="0" /> <!-- Knight's Sword*Knight's Sword -->
	<item id="2521" price="0" /> <!-- Saber*Crimson Sword -->
	<item id="2522" price="0" /> <!-- Saber*Elven Sword -->
	<item id="2533" price="0" /> <!-- Spinebone Sword*Spinebone Sword -->
	<item id="2534" price="0" /> <!-- Spinebone Sword*Artisan's Sword -->
	<item id="2535" price="0" /> <!-- Spinebone Sword*Knight's Sword -->
	<item id="2542" price="0" /> <!-- Artisan's Sword*Crimson Sword -->
	<item id="2543" price="0" /> <!-- Artisan's Sword*Elven Sword -->
	<item id="2529" price="0" /> <!-- Bastard Sword*Crimson Sword -->
	<item id="2530" price="0" /> <!-- Bastard Sword*Elven Sword -->
	<item id="2547" price="0" /> <!-- Knight's Sword*Crimson Sword -->
	<item id="2548" price="0" /> <!-- Knight's Sword*Elven Sword -->
	<item id="2536" price="0" /> <!-- Spinebone Sword*Crimson Sword -->
	<item id="2537" price="0" /> <!-- Spinebone Sword*Elven Sword -->
</list>
