<?xml version="1.0" encoding="UTF-8"?>
<list xmlns:xsi="http://www.w3.org/2001/XMLSchema-instance" xsi:noNamespaceSchemaLocation="../../xsd/buylist.xsd">
	<item id="5529" price="0" /> <!-- Dragon Slayer Edge -->
	<item id="5532" price="0" /> <!-- Meteor Shower Head -->
	<item id="5533" price="0" /> <!-- Elysian Head -->
	<item id="5534" price="0" /> <!-- Soul Bow Stave -->
	<item id="5535" price="0" /> <!-- Carnage Bow Stave -->
	<item id="5536" price="0" /> <!-- Bloody Orchid Head -->
	<item id="5537" price="0" /> <!-- Soul Separator Head -->
	<item id="5538" price="0" /> <!-- Dragon Grinder Edge -->
	<item id="5539" price="0" /> <!-- Blood Tornado Edge -->
	<item id="5541" price="0" /> <!-- Tallum Glaive Edge -->
	<item id="5542" price="0" /> <!-- Halberd Edge -->
	<item id="5543" price="0" /> <!-- Dasparion's Staff Head -->
	<item id="5544" price="0" /> <!-- Branch of the Mother Tree Head -->
	<item id="5545" price="0" /> <!-- Dark Legion's Edge Blade -->
	<item id="5546" price="0" /> <!-- Sword of Miracles Edge -->
	<item id="5547" price="0" /> <!-- Elemental Sword Edge -->
	<item id="5548" price="0" /> <!-- Tallum Blade Edge -->
	<item id="5478" price="0" /> <!-- Sealed Dark Crystal Leather Armor Pattern -->
	<item id="5479" price="0" /> <!-- Sealed Tallum Leather Armor Pattern -->
	<item id="5480" price="0" /> <!-- Sealed Leather Armor of Nightmare Fabric -->
	<item id="5481" price="0" /> <!-- Sealed Majestic Leather Armor Fabric -->
	<item id="5482" price="0" /> <!-- Sealed Dark Crystal Leggings Design -->
	<item id="5485" price="0" /> <!-- Sealed Tallum Tunic Texture -->
	<item id="5486" price="0" /> <!-- Sealed Dark Crystal Robe Fabric -->
	<item id="5487" price="0" /> <!-- Sealed Robe of Nightmare Fabric -->
	<item id="5488" price="0" /> <!-- Sealed Majestic Robe Fabric -->
	<item id="5489" price="0" /> <!-- Sealed Tallum Stockings Fabric -->
	<item id="5494" price="0" /> <!-- Sealed Dark Crystal Shield Fragment -->
	<item id="5495" price="0" /> <!-- Sealed Shield of Nightmare Fragment -->
	<item id="5496" price="0" /> <!-- Sealed Dark Crystal Boots Lining -->
	<item id="5497" price="0" /> <!-- Sealed Tallum Boots Lining -->
	<item id="5502" price="0" /> <!-- Sealed Boots of Nightmare Lining -->
	<item id="5503" price="0" /> <!-- Sealed Majestic Boots Lining -->
	<item id="5508" price="0" /> <!-- Sealed Dark Crystal Gloves Design -->
	<item id="5509" price="0" /> <!-- Sealed Tallum Gloves Design -->
	<item id="5514" price="0" /> <!-- Sealed Gauntlets of Nightmare Design -->
	<item id="5515" price="0" /> <!-- Sealed Majestic Gauntlets Design -->
	<item id="5520" price="0" /> <!-- Sealed Dark Crystal Breastplate Pattern -->
	<item id="5521" price="0" /> <!-- Sealed Tallum Plate Armor Pattern -->
	<item id="5522" price="0" /> <!-- Sealed Armor of Nightmare Pattern -->
	<item id="5523" price="0" /> <!-- Sealed Majestic Plate Armor Pattern -->
	<item id="5524" price="0" /> <!-- Sealed Dark Crystal Gaiters Pattern -->
	<item id="5525" price="0" /> <!-- Sealed Dark Crystal Helmet Design -->
	<item id="5526" price="0" /> <!-- Sealed Tallum Helm Design -->
	<item id="5527" price="0" /> <!-- Sealed Helm of Nightmare Design -->
	<item id="5528" price="0" /> <!-- Sealed Majestic Circlet Design -->
	<item id="8712" price="0" /> <!-- Sirra's Blade Edge -->
	<item id="8713" price="0" /> <!-- Sword of Ipos Blade -->
	<item id="8714" price="0" /> <!-- Barakiel's Axe Piece -->
	<item id="8715" price="0" /> <!-- Behemoth's Tuning Fork Piece -->
	<item id="8716" price="0" /> <!-- Naga Storm Piece -->
	<item id="8717" price="0" /> <!-- Tiphon's Spear Edge -->
	<item id="8718" price="0" /> <!-- Shyeed's Bow Shaft -->
	<item id="8719" price="0" /> <!-- Sobekk's Hurricane Edge -->
	<item id="8720" price="0" /> <!-- Themis' Tongue Piece -->
	<item id="8721" price="0" /> <!-- Cabrio's Hand Head -->
	<item id="8722" price="0" /> <!-- Daimon Crystal Fragment -->
</list>
