<?xml version="1.0" encoding="UTF-8"?>
<list xmlns:xsi="http://www.w3.org/2001/XMLSchema-instance" xsi:noNamespaceSchemaLocation="../../xsd/buylist.xsd">
	<item id="7885" price="0" /> <!-- Priest Sword -->
	<item id="123" price="0" /> <!-- Saber -->
	<item id="83" price="0" /> <!-- Sword of Magic -->
	<item id="143" price="0" /> <!-- Sword of Mystic -->
	<item id="144" price="0" /> <!-- Sword of Occult -->
	<item id="126" price="0" /> <!-- Artisan's Sword -->
	<item id="69" price="0" /> <!-- Bastard Sword -->
	<item id="128" price="0" /> <!-- Knight's Sword -->
	<item id="125" price="0" /> <!-- Spinebone Sword -->
	<item id="7886" price="0" /> <!-- Sword of Magic Fog -->
	<item id="127" price="0" /> <!-- Crimson Sword -->
	<item id="130" price="0" /> <!-- Elven Sword -->
	<item id="129" price="0" /> <!-- Sword of Revolution -->
	<item id="2499" price="0" /> <!-- Elven Long Sword -->
</list>
