<?xml version="1.0" encoding="UTF-8"?>
<list xmlns:xsi="http://www.w3.org/2001/XMLSchema-instance" xsi:noNamespaceSchemaLocation="../../xsd/buylist.xsd">
	<item id="6719" price="0" /> <!-- Monster Only(Ketra Orc Chieftain) -->
	<item id="5791" price="0" /> <!-- Tomb Guard A -->
	<item id="5792" price="0" /> <!-- Tomb Guard B -->
	<item id="5793" price="0" /> <!-- Tomb Savant A -->
	<item id="5794" price="0" /> <!-- Tomb Savant B -->
	<item id="5795" price="0" /> <!-- Tomb Guard A -->
	<item id="5796" price="0" /> <!-- Tomb Guard B -->
	<item id="5797" price="0" /> <!-- Tomb Savant A -->
	<item id="5798" price="0" /> <!-- Tomb Savant B -->
	<item id="5799" price="0" /> <!-- Nephilim Lord -->
	<item id="5800" price="0" /> <!-- Nephilim Lord -->
	<item id="5801" price="0" /> <!-- For NPC (Dusk) -->
	<item id="5802" price="0" /> <!-- For NPC (Dawn) -->
	<item id="5817" price="0" /> <!-- Chrono Campana -->
</list>
