<?xml version="1.0" encoding="UTF-8"?>
<list xmlns:xsi="http://www.w3.org/2001/XMLSchema-instance" xsi:noNamespaceSchemaLocation="../../xsd/buylist.xsd">
	<item id="112" price="0" /> <!-- Apprentice's Earring -->
	<item id="1509" price="0" /> <!-- Ring of Firefly -->
	<item id="1507" price="0" /> <!-- Necklace of Valor -->
	<item id="846" price="0" /> <!-- Coral Earring -->
	<item id="1509" price="0" /> <!-- Ring of Firefly -->
	<item id="1506" price="0" /> <!-- Necklace of Courage -->
	<item id="113" price="0" /> <!-- Mystic's Earring -->
	<item id="116" price="0" /> <!-- Magic Ring -->
	<item id="118" price="0" /> <!-- Necklace of Magic -->
	<item id="115" price="0" /> <!-- Earring of Wisdom -->
	<item id="877" price="0" /> <!-- Ring of Wisdom -->
	<item id="908" price="0" /> <!-- Necklace of Wisdom -->
	<item id="114" price="0" /> <!-- Earring of Strength -->
	<item id="876" price="0" /> <!-- Ring of Anguish -->
	<item id="907" price="0" /> <!-- Necklace of Anguish -->
	<item id="845" price="0" /> <!-- Cat's Eye Earring -->
	<item id="878" price="0" /> <!-- Blue Coral Ring -->
	<item id="909" price="0" /> <!-- Blue Diamond Necklace -->
	<item id="875" price="0" /> <!-- Ring of Knowledge -->
	<item id="1508" price="0" /> <!-- Ring of Raccoon -->
	<item id="906" price="0" /> <!-- Necklace of Knowledge -->
</list>
