<?xml version="1.0" encoding="UTF-8"?>
<list xmlns:xsi="http://www.w3.org/2001/XMLSchema-instance" xsi:noNamespaceSchemaLocation="../../xsd/buylist.xsd">
	<item id="242" price="0" /> <!-- Soulfire Dirk -->
	<item id="226" price="0" /> <!-- Cursed Dagger -->
	<item id="232" price="0" /> <!-- Dark Elven Dagger -->
	<item id="230" price="0" /> <!-- Needle Wolverine -->
	<item id="227" price="0" /> <!-- Stiletto -->
	<item id="233" price="0" /> <!-- Dark Screamer -->
	<item id="231" price="0" /> <!-- Grace Dagger -->
	<item id="228" price="0" /> <!-- Crystal Dagger -->
</list>
