<?xml version="1.0" encoding="UTF-8"?>
<list xmlns:xsi="http://www.w3.org/2001/XMLSchema-instance" xsi:noNamespaceSchemaLocation="../../xsd/buylist.xsd">
	<item id="517" price="0" /> <!-- Composite Helmet -->
	<item id="60" price="0" /> <!-- Composite Armor -->
	<item id="64" price="0" /> <!-- Composite Boots -->
	<item id="107" price="0" /> <!-- Composite Shield -->
	<item id="354" price="0" /> <!-- Chain Mail Shirt -->
	<item id="381" price="0" /> <!-- Chain Gaiters -->
	<item id="2413" price="0" /> <!-- Chain Hood -->
	<item id="2453" price="0" /> <!-- Chain Gloves -->
	<item id="2429" price="0" /> <!-- Chain Boots -->
	<item id="2495" price="0" /> <!-- Chain Shield -->
	<item id="2414" price="0" /> <!-- Full Plate Helmet -->
	<item id="356" price="0" /> <!-- Full Plate Armor -->
	<item id="2462" price="0" /> <!-- Full Plate Gauntlets -->
	<item id="2438" price="0" /> <!-- Full Plate Boots -->
	<item id="2497" price="0" /> <!-- Full Plate Shield -->
	<item id="397" price="0" /> <!-- Mithril Shirt -->
	<item id="2387" price="0" /> <!-- Reinforced Mithril Gaiters -->
	<item id="608" price="0" /> <!-- Mithril Gauntlets -->
	<item id="62" price="0" /> <!-- Reinforced Mithril Boots -->
	<item id="398" price="0" /> <!-- Plated Leather -->
	<item id="418" price="0" /> <!-- Plated Leather Gaiters -->
	<item id="2455" price="0" /> <!-- Plated Leather Gloves -->
	<item id="2431" price="0" /> <!-- Plated Leather Boots -->
	<item id="400" price="0" /> <!-- Theca Leather Armor -->
	<item id="420" price="0" /> <!-- Theca Leather Gaiters -->
	<item id="2460" price="0" /> <!-- Theca Leather Gloves -->
	<item id="2436" price="0" /> <!-- Theca Leather Boots -->
	<item id="401" price="0" /> <!-- Drake Leather Armor -->
	<item id="2461" price="0" /> <!-- Drake Leather Gloves -->
	<item id="2437" price="0" /> <!-- Drake Leather Boots -->
	<item id="439" price="0" /> <!-- Karmian Tunic -->
	<item id="471" price="0" /> <!-- Karmian Stockings -->
	<item id="2454" price="0" /> <!-- Karmian Gloves -->
	<item id="2430" price="0" /> <!-- Karmian Boots -->
	<item id="441" price="0" /> <!-- Demon's Tunic -->
	<item id="472" price="0" /> <!-- Demon's Stockings -->
	<item id="2459" price="0" /> <!-- Demon's Gloves -->
	<item id="2435" price="0" /> <!-- Demon's Boots -->
	<item id="442" price="0" /> <!-- Divine Tunic -->
	<item id="473" price="0" /> <!-- Divine Stockings -->
	<item id="2463" price="0" /> <!-- Divine Gloves -->
	<item id="603" price="0" /> <!-- Divine Boots -->
</list>
