<?xml version="1.0" encoding="UTF-8"?>
<list xmlns:xsi="http://www.w3.org/2001/XMLSchema-instance" xsi:noNamespaceSchemaLocation="../../xsd/buylist.xsd">
	<item id="893" price="0" /> <!-- Majestic Ring -->
	<item id="862" price="0" /> <!-- Majestic Earring -->
	<item id="924" price="0" /> <!-- Majestic Necklace -->
	<item id="6328" price="0" /> <!-- Sealed Majestic Ring -->
	<item id="6327" price="0" /> <!-- Sealed Majestic Earring -->
	<item id="6326" price="0" /> <!-- Sealed Majestic Necklace -->
	<item id="6325" price="0" /> <!-- Sealed Phoenix Ring -->
	<item id="6324" price="0" /> <!-- Sealed Phoenix Earring -->
	<item id="6323" price="0" /> <!-- Sealed Phoenix Necklace -->
	<item id="902" price="0" /> <!-- Phoenix Ring -->
	<item id="871" price="0" /> <!-- Phoenix Earring -->
	<item id="933" price="0" /> <!-- Phoenix Necklace -->
	<item id="6662" price="0" /> <!-- Ring of Core -->
	<item id="6661" price="0" /> <!-- Earring of Orfen -->
</list>
