<?xml version="1.0" encoding="UTF-8"?>
<list xmlns:xsi="http://www.w3.org/2001/XMLSchema-instance" xsi:noNamespaceSchemaLocation="../../xsd/buylist.xsd">
	<item id="7850" price="0" /> <!-- Clan Oath Helm -->
	<item id="7851" price="0" /> <!-- Clan Oath Armor -->
	<item id="7852" price="0" /> <!-- Clan Oath Gauntlets - Heavy Armor -->
	<item id="7853" price="0" /> <!-- Clan Oath Sabaton - Heavy Armor -->
	<item id="7854" price="0" /> <!-- Clan Oath Brigandine -->
	<item id="7855" price="0" /> <!-- Clan Oath Leather Gloves - Light Armor -->
	<item id="7856" price="0" /> <!-- Clan Oath Boots - Light Armor -->
	<item id="7857" price="0" /> <!-- Clan Oath Aketon -->
	<item id="7858" price="0" /> <!-- Clan Oath Padded Gloves - Robe -->
	<item id="7859" price="0" /> <!-- Clan Oath Sandals - Robe --> <!-- Kamen -->
</list>
