<?xml version="1.0" encoding="UTF-8"?>
<list xmlns:xsi="http://www.w3.org/2001/XMLSchema-instance" xsi:noNamespaceSchemaLocation="../../xsd/buylist.xsd">
	<item id="852" price="0" /> <!-- Moonstone Earring -->
	<item id="883" price="0" /> <!-- Aquastone Ring -->
	<item id="915" price="0" /> <!-- Aquastone Necklace -->
	<item id="857" price="0" /> <!-- Blessed Earring -->
	<item id="888" price="0" /> <!-- Blessed Ring -->
	<item id="919" price="0" /> <!-- Blessed Necklace -->
	<item id="855" price="0" /> <!-- Nassen's Earring -->
	<item id="885" price="0" /> <!-- Ring of Ages -->
	<item id="917" price="0" /> <!-- Necklace of Mermaid -->
	<item id="854" price="0" /> <!-- Earring of Seal -->
	<item id="886" price="0" /> <!-- Ring of Seal -->
	<item id="119" price="0" /> <!-- Necklace of Seal -->
	<item id="853" price="0" /> <!-- Earring of Protection -->
	<item id="884" price="0" /> <!-- Ring of Protection -->
	<item id="916" price="0" /> <!-- Necklace of Protection -->
</list>
