<?xml version="1.0" encoding="UTF-8"?>
<list xmlns:xsi="http://www.w3.org/2001/XMLSchema-instance" xsi:noNamespaceSchemaLocation="../../xsd/buylist.xsd">
	<item id="90993" price="0" /> <!-- Damaged Antharas' Earring -->
	<item id="90992" price="0" /> <!-- Antharas' Earring -->	
	<item id="91006" price="0" /> <!-- Damaged Zaken's Earring -->
	<item id="90763" price="0" /> <!-- Zaken's Earring -->
	<item id="90764" price="0" /> <!-- Enhanced Zaken's Earring -->	
	<item id="90765" price="0" /> <!-- Refined Zaken's Earring -->
	<item id="6661" price="0" /> <!-- Orfen's Earring -->
	<item id="49575" price="0" /> <!-- Enhanced Orfen's Earring -->
	<item id="49578" price="0" /> <!-- Refined Orfen's Earring -->	
	<item id="90987" price="0" /> <!-- Savior's Earring -->
	<item id="90988" price="0" /> <!-- Shining Savior's Earring -->
	<item id="6660" price="0" /> <!-- Queen Ant's Ring -->	
	<item id="49574" price="0" /> <!-- Enhanced Queen Ant's Ring -->
	<item id="49577" price="0" /> <!-- Refined Queen Ant's Ring -->
	<item id="6662" price="0" /> <!-- Ring of Core -->	
	<item id="49576" price="0" /> <!-- Enhanced Ring of Core -->
	<item id="49579" price="0" /> <!-- Refined Ring of Core -->
	<item id="90994" price="0" /> <!-- Damaged Baium's Ring -->	
	<item id="49580" price="0" /> <!-- Baium's Ring -->
	<item id="49581" price="0" /> <!-- Reinforced Baium's Ring -->
	<item id="49582" price="0" /> <!-- Refined Baium's Ring -->
</list>