<?xml version="1.0" encoding="UTF-8"?>
<list xmlns:xsi="http://www.w3.org/2001/XMLSchema-instance" xsi:noNamespaceSchemaLocation="../../xsd/buylist.xsd">
	<item id="2291" price="0" /> <!-- Recipe: Scallop Jamadhr -->
	<item id="2292" price="0" /> <!-- Recipe: Light Crossbow -->
	<item id="2293" price="0" /> <!-- Recipe: Glaive -->
	<item id="2294" price="0" /> <!-- Recipe: Vajra Wands -->
	<item id="2295" price="0" /> <!-- Recipe: Ancient Reagent -->
	<item id="2296" price="0" /> <!-- Recipe: Atuba Mace -->
	<item id="2297" price="0" /> <!-- Recipe: Flamberge -->
	<item id="2298" price="0" /> <!-- Recipe: Stormbringer -->
	<item id="2299" price="0" /> <!-- Recipe: Big Hammer -->
	<item id="2300" price="0" /> <!-- Recipe: Scythe -->
	<item id="2301" price="0" /> <!-- Recipe: Battle Axe -->
	<item id="2302" price="0" /> <!-- Recipe: Silver Axe -->
	<item id="2303" price="0" /> <!-- Recipe: Skull Graver -->
	<item id="2304" price="0" /> <!-- Recipe: Heavy Doom Hammer -->
	<item id="2305" price="0" /> <!-- Recipe: Crystal Staff -->
	<item id="2306" price="0" /> <!-- Recipe: Stick of Faith -->
	<item id="2307" price="0" /> <!-- Recipe: Heavy Doom Axe -->
	<item id="2308" price="0" /> <!-- Recipe: Cursed Dagger -->
	<item id="2309" price="0" /> <!-- Recipe: Wolverine Needle -->
	<item id="2310" price="0" /> <!-- Recipe: Dark Elven Dagger -->
	<item id="2311" price="0" /> <!-- Recipe: Chakram -->
	<item id="2312" price="0" /> <!-- Recipe: Crystallized Ice Bow -->
	<item id="2313" price="0" /> <!-- Recipe: Orcish Glaive -->
	<item id="2314" price="0" /> <!-- Recipe: Body Slasher -->
	<item id="2315" price="0" /> <!-- Recipe: Shamshir -->
	<item id="2316" price="0" /> <!-- Recipe: Katana -->
	<item id="2317" price="0" /> <!-- Recipe: Bec de Corbin -->
	<item id="2318" price="0" /> <!-- Recipe: Spirit Sword -->
	<item id="2319" price="0" /> <!-- Recipe: Raid Sword -->
	<item id="2320" price="0" /> <!-- Recipe: Cursed Staff -->
	<item id="2321" price="0" /> <!-- Recipe: Stiletto -->
	<item id="2322" price="0" /> <!-- Recipe: Soulfire Dirk -->
	<item id="2323" price="0" /> <!-- Recipe: Elemental Bow -->
	<item id="2324" price="0" /> <!-- Recipe: Noble Elven Bow -->
	<item id="2326" price="0" /> <!-- Recipe: Horn of Glory -->
	<item id="2327" price="0" /> <!-- Recipe: Caliburs -->
	<item id="2328" price="0" /> <!-- Recipe: Sword of Delusion -->
	<item id="2329" price="0" /> <!-- Recipe: Tsurugi -->
	<item id="2330" price="0" /> <!-- Recipe: Homunkulus's Sword -->
	<item id="2331" price="0" /> <!-- Recipe: Poleaxe -->
	<item id="2332" price="0" /> <!-- Recipe: Sword of Limit -->
	<item id="2333" price="0" /> <!-- Recipe: Sword of Nightmare -->
	<item id="2334" price="0" /> <!-- Recipe: Sword of Whispering Death -->
	<item id="2335" price="0" /> <!-- Recipe: War Axe -->
	<item id="2336" price="0" /> <!-- Recipe: Nirvana Axe -->
	<item id="2337" price="0" /> <!-- Recipe: Stick of Eternity -->
	<item id="2338" price="0" /> <!-- Recipe: Paradia Staff -->
	<item id="2339" price="0" /> <!-- Recipe: Inferno Staff -->
	<item id="2340" price="0" /> <!-- Recipe: Pa'agrian Hammer -->
</list>
