<?xml version="1.0" encoding="UTF-8"?>
<list xmlns:xsi="http://www.w3.org/2001/XMLSchema-instance" xsi:noNamespaceSchemaLocation="../../xsd/buylist.xsd">
	<item id="4178" price="0" /> <!-- Recipe: Zubei's Shield (100%) -->
	<item id="4179" price="0" /> <!-- Recipe: Zubei's Helmet (100%) -->
	<item id="4180" price="0" /> <!-- Recipe: Silver Arrow (100%) -->
	<item id="4181" price="0" /> <!-- Recipe: Pata (100%) -->
	<item id="4182" price="0" /> <!-- Recipe: Great Sword (100%) -->
	<item id="4183" price="0" /> <!-- Recipe: Heavy War Axe (100%) -->
	<item id="4184" price="0" /> <!-- Recipe: Sprite's Staff (100%) -->
	<item id="4185" price="0" /> <!-- Recipe: Keshanberk (100%) -->
	<item id="4186" price="0" /> <!-- Recipe: Sword of Valhalla (100%) -->
	<item id="4187" price="0" /> <!-- Recipe: Kris (100%) -->
	<item id="4188" price="0" /> <!-- Recipe: Hell Knife (100%) -->
	<item id="4189" price="0" /> <!-- Recipe: Arthro Nail (100%) -->
	<item id="4190" price="0" /> <!-- Recipe: Dark Elven Long Bow (100%) -->
	<item id="4191" price="0" /> <!-- Recipe: Great Axe (100%) -->
	<item id="4192" price="0" /> <!-- Recipe: Sword of Damascus (100%) -->
	<item id="4193" price="0" /> <!-- Recipe: Lance (100%) -->
	<item id="4194" price="0" /> <!-- Recipe: Deadman's Glory (100%) -->
	<item id="4195" price="0" /> <!-- Recipe: Art of Battle Axe (100%) -->
	<item id="4196" price="0" /> <!-- Recipe: Staff of Evil Spirits (100%) -->
	<item id="4197" price="0" /> <!-- Recipe: Demon's Dagger (100%) -->
	<item id="4198" price="0" /> <!-- Recipe: Bellion Cestus (100%) -->
	<item id="4199" price="0" /> <!-- Recipe: Bow of Peril (100%) -->
	<item id="4440" price="0" /> <!-- Recipe: Knuckle Duster -->
	<item id="4441" price="0" /> <!-- Recipe: Avadon Shield -->
	<item id="4936" price="0" /> <!-- Recipe: Avadon Shield (60%) -->
	<item id="4937" price="0" /> <!-- Recipe: Adamantite Earrings (70%) -->
	<item id="4938" price="0" /> <!-- Recipe: Adamantite Ring (70%) -->
	<item id="4939" price="0" /> <!-- Recipe: Adamantite Necklace (70%) -->
	<item id="4940" price="0" /> <!-- Recipe: Zubei's Breastplate (60%) -->
	<item id="4941" price="0" /> <!-- Recipe: Zubei's Gaiters (60%) -->
	<item id="4942" price="0" /> <!-- Recipe: Boots of Silence (60%) -->
	<item id="4943" price="0" /> <!-- Recipe: Guardian's Boots (60%) -->
	<item id="4944" price="0" /> <!-- Recipe: Avadon Breastplate (60%) -->
	<item id="4945" price="0" /> <!-- Recipe: Avadon Gaiters (60%) -->
	<item id="4946" price="0" /> <!-- Recipe: Zubei's Leather Shirt (60%) -->
	<item id="4947" price="0" /> <!-- Recipe: Zubei's Leather Gaiters (60%) -->
	<item id="4948" price="0" /> <!-- Recipe: Avadon Leather Armor (60%) -->
	<item id="4949" price="0" /> <!-- Recipe: Tunic of Zubei (60%) -->
	<item id="4950" price="0" /> <!-- Recipe: Stockings of Zubei (60%) -->
	<item id="4951" price="0" /> <!-- Recipe: Avadon Robe (60%) -->
	<item id="4952" price="0" /> <!-- Recipe: Avadon Circlet (60%) -->
	<item id="4953" price="0" /> <!-- Recipe: Sealed Avadon Gloves (60%) -->
	<item id="4954" price="0" /> <!-- Recipe: Chain Gloves of Silence (60%) -->
	<item id="4955" price="0" /> <!-- Recipe: Guardian's Gloves (60%) -->
	<item id="4956" price="0" /> <!-- Recipe: Gloves of Blessing (60%) -->
	<item id="4957" price="0" /> <!-- Recipe: Boots of Blessing (60%) -->
	<item id="4958" price="0" /> <!-- Recipe: Sealed Zubei's Boots (60%) -->
	<item id="4959" price="0" /> <!-- Recipe: Sealed Avadon Boots (60%) -->
	<item id="4960" price="0" /> <!-- Recipe: Sealed Zubei's Gauntlets (60%) -->
	<item id="4961" price="0" /> <!-- Recipe: Zubei's Shield (60%) -->
</list>
