<?xml version="1.0" encoding="UTF-8"?>
<list xmlns:xsi="http://www.w3.org/2001/XMLSchema-instance" xsi:noNamespaceSchemaLocation="../../xsd/buylist.xsd">
	<item id="2141" price="0" /> <!-- Recipe: Silver Mold -->
	<item id="2142" price="0" /> <!-- Recipe: Varnish of Purity -->
	<item id="2143" price="0" /> <!-- Recipe: Synthetic Cokes -->
	<item id="2144" price="0" /> <!-- Recipe: Compound Braid -->
	<item id="2145" price="0" /> <!-- Recipe: Mithril Alloy -->
	<item id="2146" price="0" /> <!-- Recipe: Artisan's frame -->
	<item id="2147" price="0" /> <!-- Recipe: Blacksmith's frame -->
	<item id="2148" price="0" /> <!-- Recipe: Crafted Leather -->
	<item id="2149" price="0" /> <!-- Recipe: Metallic Fiber -->
	<item id="2150" price="0" /> <!-- Recipe: Blue Diamond Necklace -->
	<item id="2151" price="0" /> <!-- Recipe: Necklace of Devotion -->
	<item id="2152" price="0" /> <!-- Recipe: Enchanted Necklace -->
	<item id="2153" price="0" /> <!-- Recipe: Tiger's Eye Earring -->
	<item id="2154" price="0" /> <!-- Recipe: Elven Earring -->
	<item id="2155" price="0" /> <!-- Recipe: Elven Ring -->
	<item id="2156" price="0" /> <!-- Recipe: Elven Necklace -->
	<item id="2157" price="0" /> <!-- Recipe: Omen Beast's Eye Earring -->
	<item id="2158" price="0" /> <!-- Recipe: Mithril Ring -->
	<item id="2159" price="0" /> <!-- Recipe: Necklace of Darkness -->
	<item id="2160" price="0" /> <!-- Recipe: Moonstone Earring -->
	<item id="2161" price="0" /> <!-- Recipe: Aquastone Ring -->
	<item id="2162" price="0" /> <!-- Recipe: Aquastone Necklace -->
	<item id="2163" price="0" /> <!-- Recipe: Earring of Protection -->
	<item id="2164" price="0" /> <!-- Recipe: Ring of Protection -->
	<item id="2165" price="0" /> <!-- Recipe: Necklace of Protection -->
	<item id="2166" price="0" /> <!-- Recipe: Earrings of Binding (100%) -->
	<item id="2167" price="0" /> <!-- Recipe: Ring of Ages -->
	<item id="2168" price="0" /> <!-- Recipe: Necklace of Mermaid -->
	<item id="2169" price="0" /> <!-- Recipe: Necklace of Seal -->
	<item id="2170" price="0" /> <!-- Recipe: Nassen's Earring -->
	<item id="2171" price="0" /> <!-- Recipe: Sage's Ring -->
	<item id="2172" price="0" /> <!-- Recipe: Sage's Necklace -->
	<item id="2173" price="0" /> <!-- Recipe: Hard Leather Shirt -->
	<item id="2174" price="0" /> <!-- Recipe: Hard Leather Gaiters -->
	<item id="2175" price="0" /> <!-- Recipe: Boots -->
	<item id="2176" price="0" /> <!-- Recipe: Leather Boots -->
	<item id="2177" price="0" /> <!-- Recipe: Bone Helmet -->
	<item id="2178" price="0" /> <!-- Recipe: Dark Stockings -->
	<item id="2179" price="0" /> <!-- Recipe: Crafted Leather Gloves -->
	<item id="2180" price="0" /> <!-- Recipe: Scale Mail -->
	<item id="2181" price="0" /> <!-- Recipe: White Tunic -->
	<item id="2182" price="0" /> <!-- Recipe: Scale Gaiters -->
	<item id="2183" price="0" /> <!-- Recipe: Mithril Banded Mail -->
	<item id="2184" price="0" /> <!-- Recipe: Mithril Banded Gaiters -->
	<item id="2185" price="0" /> <!-- Recipe: Iron Boots -->
	<item id="2186" price="0" /> <!-- Recipe: Brigandine Tunic -->
	<item id="2187" price="0" /> <!-- Recipe: Manticore Skin Shirt -->
	<item id="2188" price="0" /> <!-- Recipe: Manticore Skin Gaiters -->
	<item id="2189" price="0" /> <!-- Recipe: Mithril Tunic -->
	<item id="2190" price="0" /> <!-- Recipe: Mithril Stockings -->
</list>
