<?xml version="1.0" encoding="UTF-8"?>
<list xmlns:xsi="http://www.w3.org/2001/XMLSchema-instance" xsi:noNamespaceSchemaLocation="../../xsd/buylist.xsd">
	<item id="1952" price="0" /> <!-- Salamander Skin Mail Texture -->
	<item id="1953" price="0" /> <!-- Sage's Rag Lining -->
	<item id="1954" price="0" /> <!-- Karmian Stocking Design -->
	<item id="1955" price="0" /> <!-- Chain Helmet Design -->
	<item id="1956" price="0" /> <!-- Square Shield Fragment -->
	<item id="1957" price="0" /> <!-- Assault Boots Part -->
	<item id="1958" price="0" /> <!-- Reinforced Mithril Boots Design -->
	<item id="1959" price="0" /> <!-- Chain Mail Shirt Material -->
	<item id="1960" price="0" /> <!-- Chain Gaiters Part -->
	<item id="1961" price="0" /> <!-- Mithril Shirt Fabric -->
	<item id="1962" price="0" /> <!-- Karmian Tunic Pattern -->
	<item id="1963" price="0" /> <!-- Ogre Power Gauntlets Part -->
	<item id="1964" price="0" /> <!-- Eldarake Temper -->
	<item id="1965" price="0" /> <!-- Metal Plate Helmet Material -->
	<item id="1966" price="0" /> <!-- Plated Leather Fragment -->
	<item id="1967" price="0" /> <!-- Plated Leather Gaiters Material -->
	<item id="1968" price="0" /> <!-- Dwarven Chain Mail Shirt Material -->
	<item id="1969" price="0" /> <!-- Dwarven Chain Gaiters Material -->
	<item id="1970" price="0" /> <!-- Robe of Seal Fabric -->
	<item id="1971" price="0" /> <!-- Great Helmet Material -->
	<item id="1972" price="0" /> <!-- Knight's Shield Fragment -->
	<item id="1973" price="0" /> <!-- Pa'agrian Hand Design -->
	<item id="1974" price="0" /> <!-- Crimson Boot Fabric -->
	<item id="1975" price="0" /> <!-- Rind Leather Armor Design -->
	<item id="1976" price="0" /> <!-- Rind Leather Gaiters Material -->
	<item id="1977" price="0" /> <!-- Composite Armor Temper -->
	<item id="1978" price="0" /> <!-- Tower Shield Fragment -->
	<item id="1979" price="0" /> <!-- Demon's Tunic Fabric -->
	<item id="1980" price="0" /> <!-- Demon's Stocking Pattern -->
	<item id="1981" price="0" /> <!-- Mithril Gauntlets Design -->
	<item id="1982" price="0" /> <!-- Forgotten Boots Pattern -->
	<item id="1983" price="0" /> <!-- Shining Circlet Pattern -->
	<item id="1984" price="0" /> <!-- Theca Leather Armor Pattern -->
	<item id="1985" price="0" /> <!-- Theca Leather Gaiters Pattern -->
	<item id="1986" price="0" /> <!-- Full Plate Armor Temper -->
	<item id="1987" price="0" /> <!-- Drake Leather Armor Texture -->
	<item id="1988" price="0" /> <!-- Divine Tunic Fabric -->
	<item id="1989" price="0" /> <!-- Divine Stocking Pattern -->
	<item id="1990" price="0" /> <!-- Mithril Helmet Design -->
	<item id="2000" price="0" /> <!-- Tallum Helm Design -->
</list>
