<?xml version="1.0" encoding="UTF-8"?>
<list xmlns:xsi="http://www.w3.org/2001/XMLSchema-instance" xsi:noNamespaceSchemaLocation="../../xsd/buylist.xsd">
	<item id="1902" price="0" /> <!-- Elven Earring Beads -->
	<item id="1903" price="0" /> <!-- Elven Ring Piece -->
	<item id="1904" price="0" /> <!-- Elven Necklace Beads -->
	<item id="1905" price="0" /> <!-- Omen Beast's Eye Earring Gemstone -->
	<item id="1906" price="0" /> <!-- Mithril Ring Wire -->
	<item id="1907" price="0" /> <!-- Necklace of Darkness Gem -->
	<item id="1908" price="0" /> <!-- Moonstone Earring Wire -->
	<item id="1909" price="0" /> <!-- Aquastone Ring Wire -->
	<item id="1910" price="0" /> <!-- Aquastone Necklace Chain -->
	<item id="1911" price="0" /> <!-- Earring of Protection Gemstone -->
	<item id="1912" price="0" /> <!-- Ring of Protection Gemstone -->
	<item id="1913" price="0" /> <!-- Necklace of Protection Gemstone -->
	<item id="1914" price="0" /> <!-- Earring of Seal Gemstone -->
	<item id="1915" price="0" /> <!-- Ring of Ages Gemstone -->
	<item id="1916" price="0" /> <!-- Necklace of Mermaid Teardrop -->
	<item id="1917" price="0" /> <!-- Sage's Necklace Chain -->
	<item id="1918" price="0" /> <!-- Nassen's Earring Gemstone -->
	<item id="1919" price="0" /> <!-- Ring of Sage Gemstone -->
	<item id="1920" price="0" /> <!-- Necklace of Seal Chain -->
	<item id="1921" price="0" /> <!-- Leather Shoes Texture -->
	<item id="1922" price="0" /> <!-- Leather Tunic Pattern -->
	<item id="1923" price="0" /> <!-- Leather Stockings Pattern -->
	<item id="1924" price="0" /> <!-- Leather Helmet Design -->
	<item id="1925" price="0" /> <!-- Leather Gloves Lining -->
	<item id="1926" price="0" /> <!-- Piece Bone Breastplate Fragment -->
	<item id="1927" price="0" /> <!-- Hard Leather Shirt Pattern -->
	<item id="1928" price="0" /> <!-- Piece Bone Gaiters Fragment -->
	<item id="1929" price="0" /> <!-- Hard Leather Gaiters Material -->
	<item id="1930" price="0" /> <!-- Boot Lining -->
	<item id="1931" price="0" /> <!-- Leather Boots Lining -->
	<item id="1932" price="0" /> <!-- Bone Helmet Design -->
	<item id="1933" price="0" /> <!-- Dark Stockings Fabric -->
	<item id="1934" price="0" /> <!-- Crafted Leather Gloves Lining -->
	<item id="1935" price="0" /> <!-- Scale Mail Fragment -->
	<item id="1936" price="0" /> <!-- White Tunic Pattern -->
	<item id="1937" price="0" /> <!-- Scale Gaiters Fragment -->
	<item id="1938" price="0" /> <!-- Mithril Banded Mail Material -->
	<item id="1939" price="0" /> <!-- Mithril Banded Gaiters Material -->
	<item id="1940" price="0" /> <!-- Iron Boots Design -->
	<item id="1941" price="0" /> <!-- Brigandine Temper -->
	<item id="1942" price="0" /> <!-- Manticore Skin Shirt Texture -->
	<item id="1943" price="0" /> <!-- Manticore Skin Gaiters Pattern -->
	<item id="1944" price="0" /> <!-- Mithril Tunic Fabric -->
	<item id="1945" price="0" /> <!-- Mithril Stocking Design -->
	<item id="1946" price="0" /> <!-- Rip Gauntlets Pattern -->
	<item id="1947" price="0" /> <!-- Kite Shield Fragment -->
	<item id="1948" price="0" /> <!-- Boots of Power Pattern -->
	<item id="1949" price="0" /> <!-- Mithril Gloves Design -->
	<item id="1950" price="0" /> <!-- Half Plate Temper -->
	<item id="1951" price="0" /> <!-- Plate Gaiters Part -->
</list>
