<?xml version="1.0" encoding="UTF-8"?>
<list xmlns:xsi="http://www.w3.org/2001/XMLSchema-instance" xsi:noNamespaceSchemaLocation="../../xsd/buylist.xsd">
	<item id="2102" price="0" /> <!-- Pa'agrian Hammer Head -->
	<item id="2103" price="0" /> <!-- Sage's Staff Head -->
	<item id="2104" price="0" /> <!-- Club of Nature Head -->
	<item id="2105" price="0" /> <!-- Mace of Underworld Head -->
	<item id="2106" price="0" /> <!-- Grace Dagger Edge -->
	<item id="2107" price="0" /> <!-- Dark Screamer Edge -->
	<item id="2108" price="0" /> <!-- Fisted Blade Piece -->
	<item id="2109" price="0" /> <!-- Akat Longbow Shaft -->
	<item id="2112" price="0" /> <!-- Pa'agrian Axe Blade -->
	<item id="2113" price="0" /> <!-- Scorpion Blade -->
	<item id="2114" price="0" /> <!-- Widowmaker Head -->
	<item id="2115" price="0" /> <!-- Samurai Longsword Blade -->
	<item id="2116" price="0" /> <!-- Deadman's Staff Head -->
	<item id="2117" price="0" /> <!-- Ghoul's Staff Head -->
	<item id="2118" price="0" /> <!-- Demon's Staff Head -->
	<item id="2119" price="0" /> <!-- Crystal Dagger Blade -->
	<item id="2120" price="0" /> <!-- Great Pata Blade -->
	<item id="2121" price="0" /> <!-- Eminence Bow Shaft -->
	<item id="2122" price="0" /> <!-- Orcish Poleaxe Blade -->
	<item id="2130" price="0" /> <!-- Gemstone D -->
	<item id="2131" price="0" /> <!-- Gemstone C -->
	<item id="2132" price="0" /> <!-- Gemstone B -->
	<item id="2133" price="0" /> <!-- Gemstone A -->
	<item id="2508" price="0" /> <!-- Cursed Bone -->
	<item id="2917" price="0" /> <!-- Ring of Seal Gemstone -->
	<item id="2918" price="0" /> <!-- Mithril Scale Gaiters Material -->
	<item id="2919" price="0" /> <!-- Brigandine Gaiters Material -->
	<item id="2920" price="0" /> <!-- Elven Mithril Tunic Pattern -->
	<item id="2921" price="0" /> <!-- Elven Mithril Stockings Pattern -->
	<item id="2922" price="0" /> <!-- Brigandine Helmet Design -->
	<item id="2923" price="0" /> <!-- Manticore Skin Boot Lining -->
	<item id="2924" price="0" /> <!-- Brigandine Boots Design -->
	<item id="2925" price="0" /> <!-- Elven Mithril Boots Design -->
	<item id="2926" price="0" /> <!-- Manticore Skin Gloves Lining -->
	<item id="2927" price="0" /> <!-- Brigandine Gauntlets Pattern -->
	<item id="2928" price="0" /> <!-- Mithril Gloves Design -->
	<item id="2929" price="0" /> <!-- Brigandine Shield Fragment -->
	<item id="2930" price="0" /> <!-- Plate Helmet Design -->
	<item id="2931" price="0" /> <!-- Salamander Skin Boot Lining -->
	<item id="2932" price="0" /> <!-- Plate Boots Design -->
</list>
