<?xml version="1.0" encoding="UTF-8"?>
<list xmlns:xsi="http://www.w3.org/2001/XMLSchema-instance" xsi:noNamespaceSchemaLocation="../../xsd/buylist.xsd">
	<item id="2003" price="0" /> <!-- Gauntlets of Ghost Pattern -->
	<item id="2004" price="0" /> <!-- Adamantite Boots Design -->
	<item id="2005" price="0" /> <!-- Broadsword Blade -->
	<item id="2006" price="0" /> <!-- Willow Staff Head -->
	<item id="2007" price="0" /> <!-- Bow Shaft -->
	<item id="2008" price="0" /> <!-- Cedar Staff Head -->
	<item id="2009" price="0" /> <!-- Dirk Blade -->
	<item id="2010" price="0" /> <!-- Brandish Blade -->
	<item id="2011" price="0" /> <!-- Short Spear Edge -->
	<item id="2012" price="0" /> <!-- Sword of Reflection Blade -->
	<item id="2013" price="0" /> <!-- Forest Bow Shaft -->
	<item id="2014" price="0" /> <!-- Iron Hammer Head -->
	<item id="2015" price="0" /> <!-- Sword Breaker Edge -->
	<item id="2016" price="0" /> <!-- Composite Bow Shaft -->
	<item id="2017" price="0" /> <!-- Saber Blade -->
	<item id="2018" price="0" /> <!-- Assassin Knife Edge -->
	<item id="2019" price="0" /> <!-- Trident Edge -->
	<item id="2020" price="0" /> <!-- Temptation of Abyss Piece -->
	<item id="2021" price="0" /> <!-- Spinebone Sword Blade -->
	<item id="2022" price="0" /> <!-- Mace of Judgment Head -->
	<item id="2023" price="0" /> <!-- Conjuror's Staff Head -->
	<item id="2024" price="0" /> <!-- Elven Bow Shaft -->
	<item id="2025" price="0" /> <!-- Dwarven Trident Edge -->
	<item id="2026" price="0" /> <!-- Two-Handed Sword Edge -->
	<item id="2027" price="0" /> <!-- Spiked Club Head -->
	<item id="2028" price="0" /> <!-- Shilen Knife Edge -->
	<item id="2029" price="0" /> <!-- Gastraphetes Shaft -->
	<item id="2030" price="0" /> <!-- Tome of Blood Page -->
	<item id="2031" price="0" /> <!-- Morning Star Head -->
	<item id="2032" price="0" /> <!-- Goat Head Staff Head -->
	<item id="2033" price="0" /> <!-- Winged Spear Blade -->
	<item id="2034" price="0" /> <!-- Sword of Revolution Blade -->
	<item id="2035" price="0" /> <!-- Tarbar Head -->
	<item id="2036" price="0" /> <!-- Skull Breaker Head -->
	<item id="2037" price="0" /> <!-- Heavy Bone Club Head -->
	<item id="2038" price="0" /> <!-- Maingauche Edge -->
	<item id="2039" price="0" /> <!-- Bich'Hwa Edge -->
	<item id="2040" price="0" /> <!-- Reinforced Long Bow Shaft -->
	<item id="2041" price="0" /> <!-- War Pick Head -->
	<item id="2042" price="0" /> <!-- Crucifix of Blood Piece -->
	<item id="2043" price="0" /> <!-- Eye of Infinity Stone -->
	<item id="2044" price="0" /> <!-- Cursed Maingauche Edge -->
	<item id="2045" price="0" /> <!-- Blue Crystal Skull Part -->
	<item id="2046" price="0" /> <!-- Demon Fangs Part -->
	<item id="2047" price="0" /> <!-- Claymore Blade -->
	<item id="2048" price="0" /> <!-- Bonebreaker Head -->
	<item id="2049" price="0" /> <!-- Atuba Hammer Head -->
	<item id="2050" price="0" /> <!-- Ghost Staff Head -->
	<item id="2051" price="0" /> <!-- Staff of Life Shaft -->
</list>
