<?xml version="1.0" encoding="UTF-8"?>
<list xmlns:xsi="http://www.w3.org/2001/XMLSchema-instance" xsi:noNamespaceSchemaLocation="../../xsd/buylist.xsd">
	<item id="2993" price="0" /> <!-- Recipe: Dwarven Chain Boots -->
	<item id="2994" price="0" /> <!-- Recipe: Boots of Seal -->
	<item id="2995" price="0" /> <!-- Recipe: Reinforced Mithril Gloves -->
	<item id="2996" price="0" /> <!-- Recipe: Chain Gloves -->
	<item id="2997" price="0" /> <!-- Recipe: Karmian Gloves -->
	<item id="2998" price="0" /> <!-- Recipe: Chain Shield -->
	<item id="2999" price="0" /> <!-- Recipe: Plated Leather Gloves -->
	<item id="3000" price="0" /> <!-- Recipe: Dwarven Chain Shield -->
	<item id="3001" price="0" /> <!-- Recipe: Rind Leather Boots -->
	<item id="3002" price="0" /> <!-- Recipe: Dwarven Chain Gloves -->
	<item id="3003" price="0" /> <!-- Recipe: Gloves of Seal -->
	<item id="3004" price="0" /> <!-- Recipe: Rind Leather Gloves -->
	<item id="3005" price="0" /> <!-- Recipe: Demon's Boots -->
	<item id="3006" price="0" /> <!-- Recipe: Demon's Gloves -->
	<item id="3007" price="0" /> <!-- Recipe: Theca Leather Boots -->
	<item id="3008" price="0" /> <!-- Recipe: Theca Leather Gloves -->
	<item id="3009" price="0" /> <!-- Recipe: Composite Boots -->
	<item id="3010" price="0" /> <!-- Recipe: Composite Helmet -->
	<item id="3011" price="0" /> <!-- Recipe: Divine Boots -->
	<item id="3012" price="0" /> <!-- Recipe: Full Plate Helmet -->
	<item id="3013" price="0" /> <!-- Recipe: Drake Leather Boots -->
	<item id="3014" price="0" /> <!-- Recipe: Full Plate Boots -->
	<item id="3015" price="0" /> <!-- Recipe: Drake Leather Gloves -->
	<item id="3016" price="0" /> <!-- Recipe: Full Plate Gauntlets -->
	<item id="3017" price="0" /> <!-- Recipe: Divine Gloves -->
	<item id="3018" price="0" /> <!-- Recipe: Blessed Gloves -->
	<item id="3019" price="0" /> <!-- Recipe: Full Plate Shield -->
	<item id="3020" price="0" /> <!-- Recipe: Elven Long Sword -->
	<item id="3021" price="0" /> <!-- Recipe: Dwarven War Hammer -->
	<item id="3022" price="0" /> <!-- Recipe: Yaksa Mace -->
	<item id="3023" price="0" /> <!-- Recipe: Titan Key -->
	<item id="3024" price="0" /> <!-- Recipe: Journeyman Ring -->
	<item id="3025" price="0" /> <!-- Recipe: Amber Bead -->
	<item id="3032" price="0" /> <!-- Recipe: Spiritshot D -->
	<item id="3033" price="0" /> <!-- Recipe: Spiritshot C -->
	<item id="3034" price="0" /> <!-- Recipe: Spiritshot B -->
	<item id="3035" price="0" /> <!-- Recipe: Spiritshot A -->
	<item id="3838" price="0" /> <!-- Recipe: Titan's Powerstone -->
	<item id="3953" price="0" /> <!-- Recipe: Blessed Spiritshot D -->
	<item id="3954" price="0" /> <!-- Recipe: Blessed Spiritshot C -->
	<item id="3955" price="0" /> <!-- Recipe: Blessed Spiritshot B -->
	<item id="3956" price="0" /> <!-- Recipe: Blessed Spiritshot A -->
	<item id="4122" price="0" /> <!-- Recipe: Maestro Holder (100%) -->
	<item id="4123" price="0" /> <!-- Recipe: Maestro Anvil Lock (100%) -->
	<item id="4124" price="0" /> <!-- Recipe: Craftsman Mold (100%) -->
	<item id="4125" price="0" /> <!-- Recipe: Maestro Mold (100%) -->
	<item id="4126" price="0" /> <!-- Recipe: Adamantite Earrings (100%) -->
	<item id="4127" price="0" /> <!-- Recipe: Adamantite Ring (100%) -->
</list>
