<?xml version="1.0" encoding="UTF-8"?>
<list xmlns:xsi="http://www.w3.org/2001/XMLSchema-instance" xsi:noNamespaceSchemaLocation="../../xsd/buylist.xsd">
	<item id="8102" price="0" /> <!-- Pa'agrian Sword - Focus -->
	<item id="8103" price="0" /> <!-- Pa'agrian Sword - Health -->
	<item id="8104" price="0" /> <!-- Pa'agrian Sword - Critical Drain -->
	<item id="8105" price="0" /> <!-- Guardian Sword - Critical Drain -->
	<item id="8106" price="0" /> <!-- Guardian Sword - Health -->
	<item id="8107" price="0" /> <!-- Guardian Sword - Critical Bleed -->
	<item id="8108" price="0" /> <!-- Infernal Master - Haste -->
	<item id="8109" price="0" /> <!-- Infernal Master - Critical Damage -->
	<item id="8110" price="0" /> <!-- Infernal Master - Focus -->
	<item id="8111" price="0" /> <!-- Mysterious Sword - Acumen -->
	<item id="8112" price="0" /> <!-- Mysterious Sword - M. Atk. -->
	<item id="8113" price="0" /> <!-- Mysterious Sword - Magic Weakness -->
	<item id="8114" price="0" /> <!-- Ecliptic Sword - Empower -->
	<item id="8115" price="0" /> <!-- Ecliptic Sword - M. Atk. -->
	<item id="8116" price="0" /> <!-- Ecliptic Sword - Magic Silence -->
	<item id="8117" price="0" /> <!-- Wizard's Tear - Acumen -->
	<item id="8118" price="0" /> <!-- Wizard's Tear - M. Atk. -->
	<item id="8119" price="0" /> <!-- Wizard's Tear - Conversion -->
	<item id="8120" price="0" /> <!-- Dwarven Hammer - Health -->
	<item id="8121" price="0" /> <!-- Dwarven Hammer - Anger -->
	<item id="8122" price="0" /> <!-- Dwarven Hammer - Critical Bleed -->
	<item id="8123" price="0" /> <!-- Karik Horn - Focus -->
	<item id="8124" price="0" /> <!-- Karik Horn - Haste -->
	<item id="8125" price="0" /> <!-- Karik Horn - Critical Drain -->
	<item id="8126" price="0" /> <!-- Destroyer Hammer - Health -->
	<item id="8127" price="0" /> <!-- Destroyer Hammer - Haste -->
	<item id="8128" price="0" /> <!-- Destroyer Hammer - Critical Drain -->
	<item id="8129" price="0" /> <!-- Ice Storm Hammer - Focus -->
	<item id="8130" price="0" /> <!-- Ice Storm Hammer - Anger -->
	<item id="8131" price="0" /> <!-- Ice Storm Hammer - Critical Bleed -->
	<item id="8132" price="0" /> <!-- Star Buster - Health -->
	<item id="8133" price="0" /> <!-- Star Buster - Haste -->
	<item id="8134" price="0" /> <!-- Star Buster - Rsk. Focus -->
	<item id="8135" price="0" /> <!-- Doom Crusher - Health -->
	<item id="8136" price="0" /> <!-- Doom Crusher - Anger -->
	<item id="8137" price="0" /> <!-- Doom Crusher - Rsk. Haste -->
	<item id="8138" price="0" /> <!-- Ecliptic Axe - Conversion -->
	<item id="8139" price="0" /> <!-- Ecliptic Axe - M. Atk. -->
	<item id="8140" price="0" /> <!-- Ecliptic Axe - Magic Hold -->
	<item id="8141" price="0" /> <!-- Spell Breaker - Acumen -->
	<item id="8142" price="0" /> <!-- Spell Breaker - Mental Shield -->
	<item id="8143" price="0" /> <!-- Spell Breaker - Magic Hold -->
	<item id="8144" price="0" /> <!-- Kaim Vanul's Bones - Mana Up -->
	<item id="8145" price="0" /> <!-- Kaim Vanul's Bones - Magic Silence -->
	<item id="8146" price="0" /> <!-- Kaim Vanul's Bones - Conversion -->
	<item id="8147" price="0" /> <!-- Spiritual Eye - Mana Up -->
	<item id="8148" price="0" /> <!-- Spiritual Eye - Magic Poison -->
	<item id="8149" price="0" /> <!-- Spiritual Eye - Acumen -->
	<item id="8150" price="0" /> <!-- Flaming Dragon Skull - Acumen -->
	<item id="8151" price="0" /> <!-- Flaming Dragon Skull - M. Atk. -->
	<item id="8152" price="0" /> <!-- Flaming Dragon Skull - Magic Silence -->
</list>
