<?xml version="1.0" encoding="UTF-8"?>
<list xmlns:xsi="http://www.w3.org/2001/XMLSchema-instance" xsi:noNamespaceSchemaLocation="../../xsd/buylist.xsd">
	<item id="7280" price="0" /> <!-- Resonance Amulet - 1 -->
	<item id="7281" price="0" /> <!-- Resonance Amulet - 1 -->
	<item id="7282" price="0" /> <!-- Resonance Amulet - 1 -->
	<item id="7283" price="0" /> <!-- Resonance Amulet - 1 -->
	<item id="7284" price="0" /> <!-- Resonance Amulet - 1 -->
	<item id="7285" price="0" /> <!-- Resonance Amulet - 1 -->
	<item id="7286" price="0" /> <!-- Resonance Amulet - 1 -->
	<item id="7287" price="0" /> <!-- Resonance Amulet - 1 -->
	<item id="7288" price="0" /> <!-- Resonance Amulet - 1 -->
	<item id="7289" price="0" /> <!-- Resonance Amulet - 1 -->
	<item id="7290" price="0" /> <!-- Resonance Amulet - 1 -->
	<item id="7291" price="0" /> <!-- Resonance Amulet - 1 -->
	<item id="7292" price="0" /> <!-- Resonance Amulet - 1 -->
	<item id="7293" price="0" /> <!-- Resonance Amulet - 1 -->
	<item id="7294" price="0" /> <!-- Resonance Amulet - 1 -->
	<item id="7295" price="0" /> <!-- Resonance Amulet - 1 -->
	<item id="7296" price="0" /> <!-- Resonance Amulet - 1 -->
	<item id="7297" price="0" /> <!-- Resonance Amulet - 1 -->
	<item id="7298" price="0" /> <!-- Resonance Amulet - 1 -->
	<item id="7299" price="0" /> <!-- Resonance Amulet - 2 -->
	<item id="7300" price="0" /> <!-- Resonance Amulet - 2 -->
	<item id="7301" price="0" /> <!-- Resonance Amulet - 2 -->
	<item id="7302" price="0" /> <!-- Resonance Amulet - 2 -->
	<item id="7303" price="0" /> <!-- Resonance Amulet - 2 -->
	<item id="7304" price="0" /> <!-- Resonance Amulet - 2 -->
	<item id="7305" price="0" /> <!-- Resonance Amulet - 2 -->
	<item id="7306" price="0" /> <!-- Resonance Amulet - 2 -->
	<item id="7307" price="0" /> <!-- Resonance Amulet - 2 -->
	<item id="7308" price="0" /> <!-- Resonance Amulet - 2 -->
	<item id="7309" price="0" /> <!-- Resonance Amulet - 2 -->
	<item id="7310" price="0" /> <!-- Resonance Amulet - 2 -->
	<item id="7311" price="0" /> <!-- Resonance Amulet - 2 -->
	<item id="7312" price="0" /> <!-- Resonance Amulet - 2 -->
	<item id="7313" price="0" /> <!-- Resonance Amulet - 2 -->
	<item id="7314" price="0" /> <!-- Resonance Amulet - 2 -->
	<item id="7315" price="0" /> <!-- Resonance Amulet - 2 -->
	<item id="7316" price="0" /> <!-- Resonance Amulet - 2 -->
	<item id="7317" price="0" /> <!-- Resonance Amulet - 2 -->
	<item id="7318" price="0" /> <!-- Resonance Amulet - 2 -->
	<item id="7319" price="0" /> <!-- Resonance Amulet - 2 -->
	<item id="7320" price="0" /> <!-- Resonance Amulet - 2 -->
	<item id="7321" price="0" /> <!-- Resonance Amulet - 2 -->
	<item id="7322" price="0" /> <!-- Resonance Amulet - 2 -->
	<item id="7323" price="0" /> <!-- Resonance Amulet - 2 -->
	<item id="7324" price="0" /> <!-- Resonance Amulet - 2 -->
	<item id="7325" price="0" /> <!-- Resonance Amulet - 2 -->
	<item id="7326" price="0" /> <!-- Resonance Amulet - 2 -->
	<item id="7327" price="0" /> <!-- Resonance Amulet - 2 -->
	<item id="7328" price="0" /> <!-- Resonance Amulet - 2 -->
	<item id="7329" price="0" /> <!-- Resonance Amulet - 2 -->
	<item id="7330" price="0" /> <!-- Resonance Amulet - 3 -->
	<item id="7331" price="0" /> <!-- Resonance Amulet - 3 -->
	<item id="7332" price="0" /> <!-- Resonance Amulet - 3 -->
	<item id="7333" price="0" /> <!-- Resonance Amulet - 3 -->
	<item id="7334" price="0" /> <!-- Resonance Amulet - 3 -->
	<item id="7335" price="0" /> <!-- Resonance Amulet - 3 -->
	<item id="7336" price="0" /> <!-- Resonance Amulet - 3 -->
	<item id="7337" price="0" /> <!-- Resonance Amulet - 3 -->
	<item id="7338" price="0" /> <!-- Resonance Amulet - 3 -->
	<item id="7339" price="0" /> <!-- Resonance Amulet - 3 -->
	<item id="7340" price="0" /> <!-- Resonance Amulet - 3 -->
	<item id="7341" price="0" /> <!-- Resonance Amulet - 3 -->
	<item id="7342" price="0" /> <!-- Resonance Amulet - 3 -->
	<item id="7343" price="0" /> <!-- Resonance Amulet - 3 -->
	<item id="7344" price="0" /> <!-- Resonance Amulet - 3 -->
	<item id="7345" price="0" /> <!-- Resonance Amulet - 3 -->
	<item id="7346" price="0" /> <!-- Resonance Amulet - 3 -->
	<item id="7347" price="0" /> <!-- Resonance Amulet - 3 -->
	<item id="7348" price="0" /> <!-- Resonance Amulet - 3 -->
	<item id="7349" price="0" /> <!-- Resonance Amulet - 3 -->
	<item id="7350" price="0" /> <!-- Resonance Amulet - 3 -->
	<item id="7351" price="0" /> <!-- Resonance Amulet - 3 -->
	<item id="7352" price="0" /> <!-- Resonance Amulet - 3 -->
	<item id="7353" price="0" /> <!-- Resonance Amulet - 3 -->
	<item id="7354" price="0" /> <!-- Resonance Amulet - 3 -->
	<item id="7355" price="0" /> <!-- Resonance Amulet - 3 -->
	<item id="7356" price="0" /> <!-- Resonance Amulet - 3 -->
	<item id="7357" price="0" /> <!-- Resonance Amulet - 3 -->
	<item id="7358" price="0" /> <!-- Resonance Amulet - 3 -->
	<item id="7359" price="0" /> <!-- Resonance Amulet - 3 -->
	<item id="7360" price="0" /> <!-- Resonance Amulet - 3 -->
	<item id="7361" price="0" /> <!-- Resonance Amulet - 4 -->
	<item id="7362" price="0" /> <!-- Resonance Amulet - 4 -->
	<item id="7363" price="0" /> <!-- Resonance Amulet - 4 -->
	<item id="7364" price="0" /> <!-- Resonance Amulet - 4 -->
	<item id="7365" price="0" /> <!-- Resonance Amulet - 4 -->
	<item id="7366" price="0" /> <!-- Resonance Amulet - 4 -->
	<item id="7367" price="0" /> <!-- Resonance Amulet - 4 -->
	<item id="7368" price="0" /> <!-- Resonance Amulet - 4 -->
	<item id="7369" price="0" /> <!-- Resonance Amulet - 4 -->
	<item id="7370" price="0" /> <!-- Resonance Amulet - 4 -->
	<item id="7371" price="0" /> <!-- Resonance Amulet - 4 -->
	<item id="7372" price="0" /> <!-- Resonance Amulet - 4 -->
	<item id="7373" price="0" /> <!-- Resonance Amulet - 4 -->
	<item id="7374" price="0" /> <!-- Resonance Amulet - 4 -->
	<item id="7375" price="0" /> <!-- Resonance Amulet - 4 -->
	<item id="7376" price="0" /> <!-- Resonance Amulet - 4 -->
	<item id="7377" price="0" /> <!-- Resonance Amulet - 4 -->
	<item id="7378" price="0" /> <!-- Resonance Amulet - 4 -->
	<item id="7379" price="0" /> <!-- Resonance Amulet - 4 -->
	<item id="7380" price="0" /> <!-- Resonance Amulet - 4 -->
	<item id="7381" price="0" /> <!-- Resonance Amulet - 4 -->
	<item id="7382" price="0" /> <!-- Resonance Amulet - 4 -->
	<item id="7383" price="0" /> <!-- Resonance Amulet - 4 -->
	<item id="7384" price="0" /> <!-- Resonance Amulet - 4 -->
	<item id="7385" price="0" /> <!-- Resonance Amulet - 4 -->
	<item id="7386" price="0" /> <!-- Resonance Amulet - 4 -->
	<item id="7387" price="0" /> <!-- Resonance Amulet - 4 -->
	<item id="7388" price="0" /> <!-- Resonance Amulet - 4 -->
	<item id="7389" price="0" /> <!-- Resonance Amulet - 4 -->
	<item id="7390" price="0" /> <!-- Resonance Amulet - 4 -->
	<item id="7391" price="0" /> <!-- Resonance Amulet - 4 -->
</list>
