<?xml version="1.0" encoding="UTF-8"?>
<list xmlns:xsi="http://www.w3.org/2001/XMLSchema-instance" xsi:noNamespaceSchemaLocation="../../xsd/buylist.xsd">
	<item id="5562" price="0" /> <!-- Echo Crystal - 1st Carol -->
	<item id="5563" price="0" /> <!-- Echo Crystal - 2nd Carol -->
	<item id="5564" price="0" /> <!-- Echo Crystal - 3rd Carol -->
	<item id="5565" price="0" /> <!-- Echo Crystal - 4th Carol -->
	<item id="5566" price="0" /> <!-- Echo Crystal - 5th Carol -->
	<item id="5583" price="0" /> <!-- Echo Crystal - 6th Carol -->
	<item id="5584" price="0" /> <!-- Echo Crystal - 7th Carol -->
	<item id="5585" price="0" /> <!-- Echo Crystal - 8th Carol -->
	<item id="5586" price="0" /> <!-- Echo Crystal - 9th Carol -->
	<item id="5587" price="0" /> <!-- Echo Crystal - 10th Carol -->
	<item id="4411" price="0" /> <!-- Echo Crystal - Theme of Journey -->
	<item id="4412" price="0" /> <!-- Echo Crystal - Theme of Battle -->
	<item id="4413" price="0" /> <!-- Echo Crystal - Theme of Love -->
	<item id="4414" price="0" /> <!-- Echo Crystal - Theme of Solitude -->
	<item id="4415" price="0" /> <!-- Echo Crystal - Theme of the Feast -->
	<item id="4416" price="0" /> <!-- Echo Crystal - Theme of Celebration -->
	<item id="4417" price="0" /> <!-- Echo Crystal - Theme of Comedy -->
	<item id="5010" price="0" /> <!-- Echo Crystal - Theme of Victory -->
	<item id="6403" price="0" /> <!-- Star Shard -->
	<item id="6406" price="0" /> <!-- Firework -->
	<item id="6407" price="0" /> <!-- Large Firework -->
	<item id="6408" price="0" /> <!-- Formal Wear -->
	<item id="5808" price="0" /> <!-- Party Mask -->
	<item id="6394" price="0" /> <!-- Red Party Mask -->
</list>
