<?xml version="1.0" encoding="UTF-8"?>
<list xmlns:xsi="http://www.w3.org/2001/XMLSchema-instance" xsi:noNamespaceSchemaLocation="../../xsd/buylist.xsd">
	<npcs>
		<npc>31757</npc> <!-- Miss Queen -->
	</npcs>
	<item id="4111" price="69900" /> <!-- Arthro Nail Blade -->
	<item id="4439" price="5800" /> <!-- Avadon Shield Fragment -->
	<item id="4112" price="70650" /> <!-- Dark Elven Longbow Shaft -->
	<item id="4113" price="77734" /> <!-- Great Axe Head -->
	<item id="4104" price="69900" /> <!-- Great Sword Blade -->
	<item id="4105" price="69900" /> <!-- Heavy War Axe Head -->
	<item id="4110" price="71000" /> <!-- Hell Knife Edge -->
	<item id="4109" price="71000" /> <!-- Kris Edge -->
	<item id="4107" price="71000" /> <!-- Keshanberk Blade -->
	<item id="4106" price="71066" /> <!-- Sprite's Staff Head -->
	<item id="4108" price="71000" /> <!-- Sword of Valhalla Blade -->
	<item id="4117" price="91538" /> <!-- Art of Battle Axe Blade -->
	<item id="4120" price="91538" /> <!-- Bellion Cestus Edge -->
	<item id="4116" price="91538" /> <!-- Deadman's Glory Stone -->
	<item id="4119" price="91384" /> <!-- Demon's Dagger Edge -->
	<item id="4081" price="40584" /> <!-- Doom Plate Armor Temper -->
	<item id="4121" price="91846" /> <!-- Bow of Peril Shaft -->
	<item id="4115" price="91692" /> <!-- Lance Blade -->
	<item id="4118" price="96616" /> <!-- Evil Spirit Head -->
	<item id="4114" price="91384" /> <!-- Sword of Damascus Blade -->
</list>
