<?xml version="1.0" encoding="UTF-8"?>
<list xmlns:xsi="http://www.w3.org/2001/XMLSchema-instance" xsi:noNamespaceSchemaLocation="../../xsd/buylist.xsd">
	<npcs>
		<npc>31757</npc> <!-- Miss Queen -->
	</npcs>
	<item id="2007" price="5600" /> <!-- Bow Shaft -->
	<item id="2005" price="5600" /> <!-- Broadsword Blade -->
	<item id="2006" price="5600" /> <!-- Willow Staff Head -->
	<item id="1923" price="976" /> <!-- Leather Stockings Pattern -->
	<item id="1922" price="1568" /> <!-- Leather Tunic Pattern -->
	<item id="1896" price="944" /> <!-- Necklace of Anguish Chain -->
	<item id="1924" price="1240" /> <!-- Leather Helmet Design -->
	<item id="1926" price="3960" /> <!-- Piece Bone Breastplate Fragment -->
	<item id="1928" price="2746" /> <!-- Piece Bone Gaiters Fragment -->
	<item id="1930" price="1560" /> <!-- Boot Lining -->
	<item id="1929" price="3100" /> <!-- Hard Leather Gaiters Material -->
	<item id="1927" price="5014" /> <!-- Hard Leather Shirt Pattern -->
	<item id="1932" price="2520" /> <!-- Bone Helmet Design -->
	<item id="1934" price="3060" /> <!-- Crafted Leather Gloves Lining -->
	<item id="1931" price="3060" /> <!-- Leather Boots Lining -->
	<item id="1899" price="2560" /> <!-- Necklace of Devotion Chain -->
	<item id="2020" price="22850" /> <!-- Temptation of Abyss Piece -->
	<item id="1933" price="3400" /> <!-- Dark Stockings Fabric -->
	<item id="2025" price="28880" /> <!-- Dwarven Trident Edge -->
	<item id="1900" price="3656" /> <!-- Enchanted Necklace Chain -->
	<item id="1937" price="4656" /> <!-- Scale Gaiters Fragment -->
	<item id="1936" price="4888" /> <!-- White Tunic Pattern -->
	<item id="1940" price="2680" /> <!-- Iron Boots Design -->
	<item id="1939" price="4554" /> <!-- Mithril Banded Gaiters Material -->
	<item id="1938" price="5950" /> <!-- Mithril Banded Mail Material -->
	<item id="1901" price="2896" /> <!-- Tiger's Eye Earring Stone -->
	<item id="1948" price="2960" /> <!-- Boots of Power Pattern -->
	<item id="2924" price="2960" /> <!-- Brigandine Boots Design -->
	<item id="2927" price="2960" /> <!-- Brigandine Gauntlets Pattern -->
	<item id="2929" price="2778" /> <!-- Brigandine Shield Fragment -->
	<item id="2042" price="43286" /> <!-- Crucifix of Blood Piece -->
	<item id="1902" price="3948" /> <!-- Elven Earring Beads -->
	<item id="2925" price="2960" /> <!-- Elven Mithril Boots Design -->
	<item id="2928" price="2960" /> <!-- Mithril Gloves Design -->
	<item id="1904" price="4286" /> <!-- Elven Necklace Beads -->
	<item id="1903" price="2398" /> <!-- Elven Ring Piece -->
	<item id="1946" price="2960" /> <!-- Rip Gauntlets Pattern -->
	<item id="2032" price="43286" /> <!-- Goat Head Staff Head -->
	<item id="1947" price="2778" /> <!-- Kite Shield Fragment -->
	<item id="2923" price="2960" /> <!-- Manticore Skin Boot Lining -->
	<item id="2926" price="2960" /> <!-- Manticore Skin Gloves Lining -->
	<item id="1957" price="3584" /> <!-- Assault Boots Part -->
	<item id="2049" price="48376" /> <!-- Atuba Hammer Head -->
	<item id="2058" price="48376" /> <!-- Atuba Mace Head -->
	<item id="2048" price="48376" /> <!-- Bonebreaker Head -->
	<item id="2055" price="48376" /> <!-- Glaive Edge -->
	<item id="1949" price="3584" /> <!-- Mithril Gloves Design -->
	<item id="1906" price="2910" /> <!-- Mithril Ring Wire -->
	<item id="1963" price="3584" /> <!-- Ogre Power Gauntlets Part -->
	<item id="1905" price="4112" /> <!-- Omen Beast's Eye Earring Gemstone -->
	<item id="2932" price="3584" /> <!-- Plate Boots Design -->
	<item id="2930" price="4962" /> <!-- Plate Helmet Design -->
	<item id="2934" price="3524" /> <!-- Plate Shield Fragment -->
	<item id="2933" price="3584" /> <!-- Sage's Worn Gloves Lining -->
	<item id="2053" price="48376" /> <!-- Scallop Jamadhr Edge -->
	<item id="2931" price="3584" /> <!-- Salamander Skin Boot Lining -->
	<item id="1956" price="3524" /> <!-- Square Shield Fragment -->
</list>
