<?xml version="1.0" encoding="UTF-8"?>
<list xmlns:xsi="http://www.w3.org/2001/XMLSchema-instance" xsi:noNamespaceSchemaLocation="../../xsd/buylist.xsd">
	<npcs>
		<npc>31757</npc> <!-- Miss Queen -->
	</npcs>
	<item id="8331" price="117230" /> <!-- Infernal Master Blade -->
	<item id="8341" price="118768" /> <!-- Spiritual Eye Piece -->
	<item id="8342" price="145828" /> <!-- Flaming Dragon Skull Piece -->
	<item id="8346" price="118616" /> <!-- Hammer Piece of Destroyer -->
	<item id="8349" price="145858" /> <!-- Doom Crusher Head -->
	<item id="5539" price="118616" /> <!-- Blood Tornado Edge -->
	<item id="5536" price="117570" /> <!-- Bloody Orchid Head -->
	<item id="5535" price="117230" /> <!-- Carnage Bow Stave -->
	<item id="5543" price="117508" /> <!-- Dasparion's Staff Head -->
	<item id="5547" price="117570" /> <!-- Elemental Sword Edge -->
	<item id="5542" price="118616" /> <!-- Halberd Edge -->
	<item id="5532" price="118616" /> <!-- Meteor Shower Head -->
	<item id="5520" price="62030" /> <!-- Sealed Dark Crystal Breastplate Pattern -->
	<item id="5524" price="40584" /> <!-- Sealed Dark Crystal Gaiters Pattern -->
	<item id="5486" price="67600" /> <!-- Sealed Dark Crystal Robe Fabric -->
	<item id="5479" price="67600" /> <!-- Sealed Tallum Leather Armor Pattern -->
	<item id="5521" price="87906" /> <!-- Sealed Tallum Plate Armor Pattern -->
	<item id="5548" price="117570" /> <!-- Tallum Blade Edge -->
	<item id="5545" price="145800" /> <!-- Dark Legion's Edge Blade -->
	<item id="5538" price="145828" /> <!-- Dragon Grinder Edge -->
	<item id="5529" price="145800" /> <!-- Dragon Slayer Edge -->
	<item id="5533" price="145828" /> <!-- Elysian Head -->
	<item id="5522" price="117456" /> <!-- Sealed Armor of Nightmare Pattern -->
	<item id="5480" price="89142" /> <!-- Sealed Leather Armor of Nightmare Fabric -->
	<item id="5481" price="89142" /> <!-- Sealed Majestic Leather Armor Fabric -->
	<item id="5523" price="117456" /> <!-- Sealed Majestic Plate Armor Pattern -->
	<item id="5488" price="88828" /> <!-- Sealed Majestic Robe Fabric -->
	<item id="5487" price="88828" /> <!-- Sealed Robe of Nightmare Fabric -->
	<item id="5534" price="145700" /> <!-- Soul Bow Stave -->
	<item id="5537" price="145800" /> <!-- Soul Separator Head -->
	<item id="5546" price="132738" /> <!-- Sword of Miracles Edge -->
	<item id="5541" price="145858" /> <!-- Tallum Glaive Edge -->
	<item id="5544" price="145972" /> <!-- Branch of the Mother Tree Head -->
	<item id="8712" price="164800" /> <!-- Sirra's Blade Edge -->
	<item id="8713" price="164800" /> <!-- Sword of Ipos Blade -->
	<item id="8714" price="164800" /> <!-- Barakiel's Axe Piece -->
	<item id="8715" price="164800" /> <!-- Behemoth's Tuning Fork Piece -->
	<item id="8716" price="164800" /> <!-- Naga Storm Piece -->
	<item id="8717" price="164800" /> <!-- Tiphon's Spear Edge -->
	<item id="8718" price="164800" /> <!-- Shyeed's Bow Shaft -->
	<item id="8719" price="164800" /> <!-- Sobekk's Hurricane Edge -->
	<item id="8720" price="164800" /> <!-- Themis' Tongue Piece -->
	<item id="8721" price="164800" /> <!-- Cabrio's Hand Head -->
	<item id="8722" price="164800" /> <!-- Daimon Crystal Fragment -->
</list>
