<?xml version="1.0" encoding="UTF-8"?>
<list xmlns:xsi="http://www.w3.org/2001/XMLSchema-instance" xsi:noNamespaceSchemaLocation="xsd/AttendanceRewards.xsd">
	<item id="29564" count="50" /> <!-- Attendance Coin -->
	<item id="29553" count="3" /> <!-- 2nd Class Buff Scroll -->
	<item id="29554" count="10" /> <!-- Quick Healing Potion -->
	<item id="29565" count="3" /> <!-- XP/SP Scroll -->
	<item id="29584" count="2" /> <!-- Angel Cat's Blessing Chest -->
	<item id="29566" count="1" /> <!-- Attendance XP Rune -->
	<item id="29585" count="1" /> <!-- Refined Romantic Chapeau -->
	
	<item id="29564" count="100" /> <!-- Attendance Coin -->
	<item id="29553" count="3" /> <!-- 2nd Class Buff Scroll -->
	<item id="29554" count="10" /> <!-- Quick Healing Potion -->
	<item id="29519" count="3" /> <!-- XP/SP Scroll - Medium -->
	<item id="29584" count="2" /> <!-- Angel Cat's Blessing Chest -->
	<item id="29566" count="1" /> <!-- Attendance XP Rune -->
	<item id="49512" count="1" /> <!-- Amulet: Prosperity -->
	
	<item id="29564" count="150" /> <!-- Attendance Coin -->
	<item id="29553" count="6" /> <!-- 2nd Class Buff Scroll -->
	<item id="29554" count="10" /> <!-- Quick Healing Potion -->
	<item id="29519" count="3" /> <!-- XP/SP Scroll - Medium -->
	<item id="29584" count="4" /> <!-- Angel Cat's Blessing Chest -->
	<item id="29566" count="1" /> <!-- Attendance XP Rune -->
	<item id="29578" count="1" /> <!-- Rare Accessory Pack -->
	
	<item id="29564" count="300" /> <!-- Attendance Coin -->
	<item id="29553" count="6" /> <!-- 2nd Class Buff Scroll -->
	<item id="29554" count="10" /> <!-- Quick Healing Potion -->
	<item id="29650" count="5" /> <!-- XP/SP Scroll - High -->
	<item id="29584" count="4" /> <!-- Angel Cat's Blessing Chest -->
	<item id="29566" count="1" /> <!-- Attendance XP Rune -->
	<item id="29587" count="1" /> <!-- Agathion - Singer & Dancer -->
</list>