<?xml version="1.0" encoding="UTF-8"?>
<list xmlns:xsi="http://www.w3.org/2001/XMLSchema-instance" xsi:noNamespaceSchemaLocation="xsd/EnchantItemOptions.xsd">
	<item id="15383"> <!-- Weaver's Multi-colored Clothes - 7-day limited period -->
		<options level="0" option1="24949" />
		<options level="1" option1="24805" />
		<options level="2" option1="24806" />
		<options level="3" option1="24807" />
		<options level="4" option1="24808" option2="24855" option3="24902" />
		<options level="5" option1="24809" option2="24856" option3="24903" />
		<options level="6" option1="24810" option2="24857" option3="24904" />
		<options level="7" option1="24811" option2="24858" option3="24905" />
		<options level="8" option1="24812" option2="24859" option3="24906" />
		<options level="9" option1="24813" option2="24860" option3="24907" />
		<options level="10" option1="24814" option2="24861" option3="24908" />
		<options level="11" option1="24815" option2="24862" option3="24909" />
		<options level="12" option1="24816" option2="24863" option3="24910" />
		<options level="13" option1="24817" option2="24864" option3="24911" />
		<options level="14" option1="24818" option2="24865" option3="24912" />
		<options level="15" option1="24819" option2="24866" option3="24913" />
		<options level="16" option1="24820" option2="24867" option3="24914" />
		<options level="17" option1="24821" option2="24868" option3="24915" />
		<options level="18" option1="24822" option2="24869" option3="24916" />
		<options level="19" option1="24823" option2="24870" option3="24917" />
		<options level="20" option1="24824" option2="24871" option3="24918" />
		<options level="21" option1="24825" option2="24872" option3="24919" />
		<options level="22" option1="24826" option2="24873" option3="24920" />
		<options level="23" option1="24827" option2="24874" option3="24921" />
		<options level="24" option1="24828" option2="24875" option3="24922" />
		<options level="25" option1="24829" option2="24876" option3="24923" />
		<options level="26" option1="24830" option2="24877" option3="24924" />
		<options level="27" option1="24831" option2="24878" option3="24925" />
		<options level="28" option1="24832" option2="24879" option3="24926" />
		<options level="29" option1="24833" option2="24880" option3="24927" />
		<options level="30" option1="24834" option2="24881" option3="24928" />
		<options level="31" option1="24835" option2="24882" option3="24929" />
		<options level="32" option1="24836" option2="24883" option3="24930" />
		<options level="33" option1="24837" option2="24884" option3="24931" />
		<options level="34" option1="24838" option2="24885" option3="24932" />
		<options level="35" option1="24839" option2="24886" option3="24933" />
		<options level="36" option1="24840" option2="24887" option3="24934" />
		<options level="37" option1="24841" option2="24888" option3="24935" />
		<options level="38" option1="24842" option2="24889" option3="24936" />
		<options level="39" option1="24843" option2="24890" option3="24937" />
		<options level="40" option1="24844" option2="24891" option3="24938" />
		<options level="41" option1="24845" option2="24892" option3="24939" />
		<options level="42" option1="24846" option2="24893" option3="24940" />
		<options level="43" option1="24847" option2="24894" option3="24941" />
		<options level="44" option1="24848" option2="24895" option3="24942" />
		<options level="45" option1="24849" option2="24896" option3="24943" />
		<options level="46" option1="24850" option2="24897" option3="24944" />
		<options level="47" option1="24851" option2="24898" option3="24945" />
		<options level="48" option1="24852" option2="24899" option3="24946" />
		<options level="49" option1="24853" option2="24900" option3="24947" />
		<options level="50" option1="24854" option2="24901" option3="24948" />
	</item>
	<item id="15384"> <!-- Weaver's Multi-colored Clothes - 30-day limited period -->
		<options level="0" option1="24949" />
		<options level="1" option1="24805" />
		<options level="2" option1="24806" />
		<options level="3" option1="24807" />
		<options level="4" option1="24808" option2="24855" option3="24902" />
		<options level="5" option1="24809" option2="24856" option3="24903" />
		<options level="6" option1="24810" option2="24857" option3="24904" />
		<options level="7" option1="24811" option2="24858" option3="24905" />
		<options level="8" option1="24812" option2="24859" option3="24906" />
		<options level="9" option1="24813" option2="24860" option3="24907" />
		<options level="10" option1="24814" option2="24861" option3="24908" />
		<options level="11" option1="24815" option2="24862" option3="24909" />
		<options level="12" option1="24816" option2="24863" option3="24910" />
		<options level="13" option1="24817" option2="24864" option3="24911" />
		<options level="14" option1="24818" option2="24865" option3="24912" />
		<options level="15" option1="24819" option2="24866" option3="24913" />
		<options level="16" option1="24820" option2="24867" option3="24914" />
		<options level="17" option1="24821" option2="24868" option3="24915" />
		<options level="18" option1="24822" option2="24869" option3="24916" />
		<options level="19" option1="24823" option2="24870" option3="24917" />
		<options level="20" option1="24824" option2="24871" option3="24918" />
		<options level="21" option1="24825" option2="24872" option3="24919" />
		<options level="22" option1="24826" option2="24873" option3="24920" />
		<options level="23" option1="24827" option2="24874" option3="24921" />
		<options level="24" option1="24828" option2="24875" option3="24922" />
		<options level="25" option1="24829" option2="24876" option3="24923" />
		<options level="26" option1="24830" option2="24877" option3="24924" />
		<options level="27" option1="24831" option2="24878" option3="24925" />
		<options level="28" option1="24832" option2="24879" option3="24926" />
		<options level="29" option1="24833" option2="24880" option3="24927" />
		<options level="30" option1="24834" option2="24881" option3="24928" />
		<options level="31" option1="24835" option2="24882" option3="24929" />
		<options level="32" option1="24836" option2="24883" option3="24930" />
		<options level="33" option1="24837" option2="24884" option3="24931" />
		<options level="34" option1="24838" option2="24885" option3="24932" />
		<options level="35" option1="24839" option2="24886" option3="24933" />
		<options level="36" option1="24840" option2="24887" option3="24934" />
		<options level="37" option1="24841" option2="24888" option3="24935" />
		<options level="38" option1="24842" option2="24889" option3="24936" />
		<options level="39" option1="24843" option2="24890" option3="24937" />
		<options level="40" option1="24844" option2="24891" option3="24938" />
		<options level="41" option1="24845" option2="24892" option3="24939" />
		<options level="42" option1="24846" option2="24893" option3="24940" />
		<options level="43" option1="24847" option2="24894" option3="24941" />
		<options level="44" option1="24848" option2="24895" option3="24942" />
		<options level="45" option1="24849" option2="24896" option3="24943" />
		<options level="46" option1="24850" option2="24897" option3="24944" />
		<options level="47" option1="24851" option2="24898" option3="24945" />
		<options level="48" option1="24852" option2="24899" option3="24946" />
		<options level="49" option1="24853" option2="24900" option3="24947" />
		<options level="50" option1="24854" option2="24901" option3="24948" />
	</item>
	<item id="15385"> <!-- Weaver's Multi-colored Clothes - 60-day limited period -->
		<options level="0" option1="24949" />
		<options level="1" option1="24805" />
		<options level="2" option1="24806" />
		<options level="3" option1="24807" />
		<options level="4" option1="24808" option2="24855" option3="24902" />
		<options level="5" option1="24809" option2="24856" option3="24903" />
		<options level="6" option1="24810" option2="24857" option3="24904" />
		<options level="7" option1="24811" option2="24858" option3="24905" />
		<options level="8" option1="24812" option2="24859" option3="24906" />
		<options level="9" option1="24813" option2="24860" option3="24907" />
		<options level="10" option1="24814" option2="24861" option3="24908" />
		<options level="11" option1="24815" option2="24862" option3="24909" />
		<options level="12" option1="24816" option2="24863" option3="24910" />
		<options level="13" option1="24817" option2="24864" option3="24911" />
		<options level="14" option1="24818" option2="24865" option3="24912" />
		<options level="15" option1="24819" option2="24866" option3="24913" />
		<options level="16" option1="24820" option2="24867" option3="24914" />
		<options level="17" option1="24821" option2="24868" option3="24915" />
		<options level="18" option1="24822" option2="24869" option3="24916" />
		<options level="19" option1="24823" option2="24870" option3="24917" />
		<options level="20" option1="24824" option2="24871" option3="24918" />
		<options level="21" option1="24825" option2="24872" option3="24919" />
		<options level="22" option1="24826" option2="24873" option3="24920" />
		<options level="23" option1="24827" option2="24874" option3="24921" />
		<options level="24" option1="24828" option2="24875" option3="24922" />
		<options level="25" option1="24829" option2="24876" option3="24923" />
		<options level="26" option1="24830" option2="24877" option3="24924" />
		<options level="27" option1="24831" option2="24878" option3="24925" />
		<options level="28" option1="24832" option2="24879" option3="24926" />
		<options level="29" option1="24833" option2="24880" option3="24927" />
		<options level="30" option1="24834" option2="24881" option3="24928" />
		<options level="31" option1="24835" option2="24882" option3="24929" />
		<options level="32" option1="24836" option2="24883" option3="24930" />
		<options level="33" option1="24837" option2="24884" option3="24931" />
		<options level="34" option1="24838" option2="24885" option3="24932" />
		<options level="35" option1="24839" option2="24886" option3="24933" />
		<options level="36" option1="24840" option2="24887" option3="24934" />
		<options level="37" option1="24841" option2="24888" option3="24935" />
		<options level="38" option1="24842" option2="24889" option3="24936" />
		<options level="39" option1="24843" option2="24890" option3="24937" />
		<options level="40" option1="24844" option2="24891" option3="24938" />
		<options level="41" option1="24845" option2="24892" option3="24939" />
		<options level="42" option1="24846" option2="24893" option3="24940" />
		<options level="43" option1="24847" option2="24894" option3="24941" />
		<options level="44" option1="24848" option2="24895" option3="24942" />
		<options level="45" option1="24849" option2="24896" option3="24943" />
		<options level="46" option1="24850" option2="24897" option3="24944" />
		<options level="47" option1="24851" option2="24898" option3="24945" />
		<options level="48" option1="24852" option2="24899" option3="24946" />
		<options level="49" option1="24853" option2="24900" option3="24947" />
		<options level="50" option1="24854" option2="24901" option3="24948" />
	</item>
	<item id="15386"> <!-- Weaver's Multi-colored Clothes - 90-day limited period -->
		<options level="0" option1="24949" />
		<options level="1" option1="24805" />
		<options level="2" option1="24806" />
		<options level="3" option1="24807" />
		<options level="4" option1="24808" option2="24855" option3="24902" />
		<options level="5" option1="24809" option2="24856" option3="24903" />
		<options level="6" option1="24810" option2="24857" option3="24904" />
		<options level="7" option1="24811" option2="24858" option3="24905" />
		<options level="8" option1="24812" option2="24859" option3="24906" />
		<options level="9" option1="24813" option2="24860" option3="24907" />
		<options level="10" option1="24814" option2="24861" option3="24908" />
		<options level="11" option1="24815" option2="24862" option3="24909" />
		<options level="12" option1="24816" option2="24863" option3="24910" />
		<options level="13" option1="24817" option2="24864" option3="24911" />
		<options level="14" option1="24818" option2="24865" option3="24912" />
		<options level="15" option1="24819" option2="24866" option3="24913" />
		<options level="16" option1="24820" option2="24867" option3="24914" />
		<options level="17" option1="24821" option2="24868" option3="24915" />
		<options level="18" option1="24822" option2="24869" option3="24916" />
		<options level="19" option1="24823" option2="24870" option3="24917" />
		<options level="20" option1="24824" option2="24871" option3="24918" />
		<options level="21" option1="24825" option2="24872" option3="24919" />
		<options level="22" option1="24826" option2="24873" option3="24920" />
		<options level="23" option1="24827" option2="24874" option3="24921" />
		<options level="24" option1="24828" option2="24875" option3="24922" />
		<options level="25" option1="24829" option2="24876" option3="24923" />
		<options level="26" option1="24830" option2="24877" option3="24924" />
		<options level="27" option1="24831" option2="24878" option3="24925" />
		<options level="28" option1="24832" option2="24879" option3="24926" />
		<options level="29" option1="24833" option2="24880" option3="24927" />
		<options level="30" option1="24834" option2="24881" option3="24928" />
		<options level="31" option1="24835" option2="24882" option3="24929" />
		<options level="32" option1="24836" option2="24883" option3="24930" />
		<options level="33" option1="24837" option2="24884" option3="24931" />
		<options level="34" option1="24838" option2="24885" option3="24932" />
		<options level="35" option1="24839" option2="24886" option3="24933" />
		<options level="36" option1="24840" option2="24887" option3="24934" />
		<options level="37" option1="24841" option2="24888" option3="24935" />
		<options level="38" option1="24842" option2="24889" option3="24936" />
		<options level="39" option1="24843" option2="24890" option3="24937" />
		<options level="40" option1="24844" option2="24891" option3="24938" />
		<options level="41" option1="24845" option2="24892" option3="24939" />
		<options level="42" option1="24846" option2="24893" option3="24940" />
		<options level="43" option1="24847" option2="24894" option3="24941" />
		<options level="44" option1="24848" option2="24895" option3="24942" />
		<options level="45" option1="24849" option2="24896" option3="24943" />
		<options level="46" option1="24850" option2="24897" option3="24944" />
		<options level="47" option1="24851" option2="24898" option3="24945" />
		<options level="48" option1="24852" option2="24899" option3="24946" />
		<options level="49" option1="24853" option2="24900" option3="24947" />
		<options level="50" option1="24854" option2="24901" option3="24948" />
	</item>
	<item id="15387"> <!-- Weaver's Multi-colored Clothes - Permanent Use -->
		<options level="0" option1="24949" />
		<options level="1" option1="24805" />
		<options level="2" option1="24806" />
		<options level="3" option1="24807" />
		<options level="4" option1="24808" option2="24855" option3="24902" />
		<options level="5" option1="24809" option2="24856" option3="24903" />
		<options level="6" option1="24810" option2="24857" option3="24904" />
		<options level="7" option1="24811" option2="24858" option3="24905" />
		<options level="8" option1="24812" option2="24859" option3="24906" />
		<options level="9" option1="24813" option2="24860" option3="24907" />
		<options level="10" option1="24814" option2="24861" option3="24908" />
		<options level="11" option1="24815" option2="24862" option3="24909" />
		<options level="12" option1="24816" option2="24863" option3="24910" />
		<options level="13" option1="24817" option2="24864" option3="24911" />
		<options level="14" option1="24818" option2="24865" option3="24912" />
		<options level="15" option1="24819" option2="24866" option3="24913" />
		<options level="16" option1="24820" option2="24867" option3="24914" />
		<options level="17" option1="24821" option2="24868" option3="24915" />
		<options level="18" option1="24822" option2="24869" option3="24916" />
		<options level="19" option1="24823" option2="24870" option3="24917" />
		<options level="20" option1="24824" option2="24871" option3="24918" />
		<options level="21" option1="24825" option2="24872" option3="24919" />
		<options level="22" option1="24826" option2="24873" option3="24920" />
		<options level="23" option1="24827" option2="24874" option3="24921" />
		<options level="24" option1="24828" option2="24875" option3="24922" />
		<options level="25" option1="24829" option2="24876" option3="24923" />
		<options level="26" option1="24830" option2="24877" option3="24924" />
		<options level="27" option1="24831" option2="24878" option3="24925" />
		<options level="28" option1="24832" option2="24879" option3="24926" />
		<options level="29" option1="24833" option2="24880" option3="24927" />
		<options level="30" option1="24834" option2="24881" option3="24928" />
		<options level="31" option1="24835" option2="24882" option3="24929" />
		<options level="32" option1="24836" option2="24883" option3="24930" />
		<options level="33" option1="24837" option2="24884" option3="24931" />
		<options level="34" option1="24838" option2="24885" option3="24932" />
		<options level="35" option1="24839" option2="24886" option3="24933" />
		<options level="36" option1="24840" option2="24887" option3="24934" />
		<options level="37" option1="24841" option2="24888" option3="24935" />
		<options level="38" option1="24842" option2="24889" option3="24936" />
		<options level="39" option1="24843" option2="24890" option3="24937" />
		<options level="40" option1="24844" option2="24891" option3="24938" />
		<options level="41" option1="24845" option2="24892" option3="24939" />
		<options level="42" option1="24846" option2="24893" option3="24940" />
		<options level="43" option1="24847" option2="24894" option3="24941" />
		<options level="44" option1="24848" option2="24895" option3="24942" />
		<options level="45" option1="24849" option2="24896" option3="24943" />
		<options level="46" option1="24850" option2="24897" option3="24944" />
		<options level="47" option1="24851" option2="24898" option3="24945" />
		<options level="48" option1="24852" option2="24899" option3="24946" />
		<options level="49" option1="24853" option2="24900" option3="24947" />
		<options level="50" option1="24854" option2="24901" option3="24948" />
	</item>
	<item id="15388"> <!-- Weaver's Multi-colored Clothes (Event) - 7-day limited period -->
		<options level="0" option1="24949" />
		<options level="1" option1="24805" />
		<options level="2" option1="24806" />
		<options level="3" option1="24807" />
		<options level="4" option1="24808" option2="24855" option3="24902" />
		<options level="5" option1="24809" option2="24856" option3="24903" />
		<options level="6" option1="24810" option2="24857" option3="24904" />
		<options level="7" option1="24811" option2="24858" option3="24905" />
		<options level="8" option1="24812" option2="24859" option3="24906" />
		<options level="9" option1="24813" option2="24860" option3="24907" />
		<options level="10" option1="24814" option2="24861" option3="24908" />
		<options level="11" option1="24815" option2="24862" option3="24909" />
		<options level="12" option1="24816" option2="24863" option3="24910" />
		<options level="13" option1="24817" option2="24864" option3="24911" />
		<options level="14" option1="24818" option2="24865" option3="24912" />
		<options level="15" option1="24819" option2="24866" option3="24913" />
		<options level="16" option1="24820" option2="24867" option3="24914" />
		<options level="17" option1="24821" option2="24868" option3="24915" />
		<options level="18" option1="24822" option2="24869" option3="24916" />
		<options level="19" option1="24823" option2="24870" option3="24917" />
		<options level="20" option1="24824" option2="24871" option3="24918" />
		<options level="21" option1="24825" option2="24872" option3="24919" />
		<options level="22" option1="24826" option2="24873" option3="24920" />
		<options level="23" option1="24827" option2="24874" option3="24921" />
		<options level="24" option1="24828" option2="24875" option3="24922" />
		<options level="25" option1="24829" option2="24876" option3="24923" />
		<options level="26" option1="24830" option2="24877" option3="24924" />
		<options level="27" option1="24831" option2="24878" option3="24925" />
		<options level="28" option1="24832" option2="24879" option3="24926" />
		<options level="29" option1="24833" option2="24880" option3="24927" />
		<options level="30" option1="24834" option2="24881" option3="24928" />
		<options level="31" option1="24835" option2="24882" option3="24929" />
		<options level="32" option1="24836" option2="24883" option3="24930" />
		<options level="33" option1="24837" option2="24884" option3="24931" />
		<options level="34" option1="24838" option2="24885" option3="24932" />
		<options level="35" option1="24839" option2="24886" option3="24933" />
		<options level="36" option1="24840" option2="24887" option3="24934" />
		<options level="37" option1="24841" option2="24888" option3="24935" />
		<options level="38" option1="24842" option2="24889" option3="24936" />
		<options level="39" option1="24843" option2="24890" option3="24937" />
		<options level="40" option1="24844" option2="24891" option3="24938" />
		<options level="41" option1="24845" option2="24892" option3="24939" />
		<options level="42" option1="24846" option2="24893" option3="24940" />
		<options level="43" option1="24847" option2="24894" option3="24941" />
		<options level="44" option1="24848" option2="24895" option3="24942" />
		<options level="45" option1="24849" option2="24896" option3="24943" />
		<options level="46" option1="24850" option2="24897" option3="24944" />
		<options level="47" option1="24851" option2="24898" option3="24945" />
		<options level="48" option1="24852" option2="24899" option3="24946" />
		<options level="49" option1="24853" option2="24900" option3="24947" />
		<options level="50" option1="24854" option2="24901" option3="24948" />
	</item>
	<item id="15389"> <!-- Weaver's Multi-colored Clothes (Event) - 30-day limited period -->
		<options level="0" option1="24949" />
		<options level="1" option1="24805" />
		<options level="2" option1="24806" />
		<options level="3" option1="24807" />
		<options level="4" option1="24808" option2="24855" option3="24902" />
		<options level="5" option1="24809" option2="24856" option3="24903" />
		<options level="6" option1="24810" option2="24857" option3="24904" />
		<options level="7" option1="24811" option2="24858" option3="24905" />
		<options level="8" option1="24812" option2="24859" option3="24906" />
		<options level="9" option1="24813" option2="24860" option3="24907" />
		<options level="10" option1="24814" option2="24861" option3="24908" />
		<options level="11" option1="24815" option2="24862" option3="24909" />
		<options level="12" option1="24816" option2="24863" option3="24910" />
		<options level="13" option1="24817" option2="24864" option3="24911" />
		<options level="14" option1="24818" option2="24865" option3="24912" />
		<options level="15" option1="24819" option2="24866" option3="24913" />
		<options level="16" option1="24820" option2="24867" option3="24914" />
		<options level="17" option1="24821" option2="24868" option3="24915" />
		<options level="18" option1="24822" option2="24869" option3="24916" />
		<options level="19" option1="24823" option2="24870" option3="24917" />
		<options level="20" option1="24824" option2="24871" option3="24918" />
		<options level="21" option1="24825" option2="24872" option3="24919" />
		<options level="22" option1="24826" option2="24873" option3="24920" />
		<options level="23" option1="24827" option2="24874" option3="24921" />
		<options level="24" option1="24828" option2="24875" option3="24922" />
		<options level="25" option1="24829" option2="24876" option3="24923" />
		<options level="26" option1="24830" option2="24877" option3="24924" />
		<options level="27" option1="24831" option2="24878" option3="24925" />
		<options level="28" option1="24832" option2="24879" option3="24926" />
		<options level="29" option1="24833" option2="24880" option3="24927" />
		<options level="30" option1="24834" option2="24881" option3="24928" />
		<options level="31" option1="24835" option2="24882" option3="24929" />
		<options level="32" option1="24836" option2="24883" option3="24930" />
		<options level="33" option1="24837" option2="24884" option3="24931" />
		<options level="34" option1="24838" option2="24885" option3="24932" />
		<options level="35" option1="24839" option2="24886" option3="24933" />
		<options level="36" option1="24840" option2="24887" option3="24934" />
		<options level="37" option1="24841" option2="24888" option3="24935" />
		<options level="38" option1="24842" option2="24889" option3="24936" />
		<options level="39" option1="24843" option2="24890" option3="24937" />
		<options level="40" option1="24844" option2="24891" option3="24938" />
		<options level="41" option1="24845" option2="24892" option3="24939" />
		<options level="42" option1="24846" option2="24893" option3="24940" />
		<options level="43" option1="24847" option2="24894" option3="24941" />
		<options level="44" option1="24848" option2="24895" option3="24942" />
		<options level="45" option1="24849" option2="24896" option3="24943" />
		<options level="46" option1="24850" option2="24897" option3="24944" />
		<options level="47" option1="24851" option2="24898" option3="24945" />
		<options level="48" option1="24852" option2="24899" option3="24946" />
		<options level="49" option1="24853" option2="24900" option3="24947" />
		<options level="50" option1="24854" option2="24901" option3="24948" />
	</item>
	<item id="15390"> <!-- Weaver's Multi-colored Clothes (Event) - 60-day limited period -->
		<options level="0" option1="24949" />
		<options level="1" option1="24805" />
		<options level="2" option1="24806" />
		<options level="3" option1="24807" />
		<options level="4" option1="24808" option2="24855" option3="24902" />
		<options level="5" option1="24809" option2="24856" option3="24903" />
		<options level="6" option1="24810" option2="24857" option3="24904" />
		<options level="7" option1="24811" option2="24858" option3="24905" />
		<options level="8" option1="24812" option2="24859" option3="24906" />
		<options level="9" option1="24813" option2="24860" option3="24907" />
		<options level="10" option1="24814" option2="24861" option3="24908" />
		<options level="11" option1="24815" option2="24862" option3="24909" />
		<options level="12" option1="24816" option2="24863" option3="24910" />
		<options level="13" option1="24817" option2="24864" option3="24911" />
		<options level="14" option1="24818" option2="24865" option3="24912" />
		<options level="15" option1="24819" option2="24866" option3="24913" />
		<options level="16" option1="24820" option2="24867" option3="24914" />
		<options level="17" option1="24821" option2="24868" option3="24915" />
		<options level="18" option1="24822" option2="24869" option3="24916" />
		<options level="19" option1="24823" option2="24870" option3="24917" />
		<options level="20" option1="24824" option2="24871" option3="24918" />
		<options level="21" option1="24825" option2="24872" option3="24919" />
		<options level="22" option1="24826" option2="24873" option3="24920" />
		<options level="23" option1="24827" option2="24874" option3="24921" />
		<options level="24" option1="24828" option2="24875" option3="24922" />
		<options level="25" option1="24829" option2="24876" option3="24923" />
		<options level="26" option1="24830" option2="24877" option3="24924" />
		<options level="27" option1="24831" option2="24878" option3="24925" />
		<options level="28" option1="24832" option2="24879" option3="24926" />
		<options level="29" option1="24833" option2="24880" option3="24927" />
		<options level="30" option1="24834" option2="24881" option3="24928" />
		<options level="31" option1="24835" option2="24882" option3="24929" />
		<options level="32" option1="24836" option2="24883" option3="24930" />
		<options level="33" option1="24837" option2="24884" option3="24931" />
		<options level="34" option1="24838" option2="24885" option3="24932" />
		<options level="35" option1="24839" option2="24886" option3="24933" />
		<options level="36" option1="24840" option2="24887" option3="24934" />
		<options level="37" option1="24841" option2="24888" option3="24935" />
		<options level="38" option1="24842" option2="24889" option3="24936" />
		<options level="39" option1="24843" option2="24890" option3="24937" />
		<options level="40" option1="24844" option2="24891" option3="24938" />
		<options level="41" option1="24845" option2="24892" option3="24939" />
		<options level="42" option1="24846" option2="24893" option3="24940" />
		<options level="43" option1="24847" option2="24894" option3="24941" />
		<options level="44" option1="24848" option2="24895" option3="24942" />
		<options level="45" option1="24849" option2="24896" option3="24943" />
		<options level="46" option1="24850" option2="24897" option3="24944" />
		<options level="47" option1="24851" option2="24898" option3="24945" />
		<options level="48" option1="24852" option2="24899" option3="24946" />
		<options level="49" option1="24853" option2="24900" option3="24947" />
		<options level="50" option1="24854" option2="24901" option3="24948" />
	</item>
	<item id="15391"> <!-- Weaver's Multi-colored Clothes (Event) - 90-day limited period -->
		<options level="0" option1="24949" />
		<options level="1" option1="24805" />
		<options level="2" option1="24806" />
		<options level="3" option1="24807" />
		<options level="4" option1="24808" option2="24855" option3="24902" />
		<options level="5" option1="24809" option2="24856" option3="24903" />
		<options level="6" option1="24810" option2="24857" option3="24904" />
		<options level="7" option1="24811" option2="24858" option3="24905" />
		<options level="8" option1="24812" option2="24859" option3="24906" />
		<options level="9" option1="24813" option2="24860" option3="24907" />
		<options level="10" option1="24814" option2="24861" option3="24908" />
		<options level="11" option1="24815" option2="24862" option3="24909" />
		<options level="12" option1="24816" option2="24863" option3="24910" />
		<options level="13" option1="24817" option2="24864" option3="24911" />
		<options level="14" option1="24818" option2="24865" option3="24912" />
		<options level="15" option1="24819" option2="24866" option3="24913" />
		<options level="16" option1="24820" option2="24867" option3="24914" />
		<options level="17" option1="24821" option2="24868" option3="24915" />
		<options level="18" option1="24822" option2="24869" option3="24916" />
		<options level="19" option1="24823" option2="24870" option3="24917" />
		<options level="20" option1="24824" option2="24871" option3="24918" />
		<options level="21" option1="24825" option2="24872" option3="24919" />
		<options level="22" option1="24826" option2="24873" option3="24920" />
		<options level="23" option1="24827" option2="24874" option3="24921" />
		<options level="24" option1="24828" option2="24875" option3="24922" />
		<options level="25" option1="24829" option2="24876" option3="24923" />
		<options level="26" option1="24830" option2="24877" option3="24924" />
		<options level="27" option1="24831" option2="24878" option3="24925" />
		<options level="28" option1="24832" option2="24879" option3="24926" />
		<options level="29" option1="24833" option2="24880" option3="24927" />
		<options level="30" option1="24834" option2="24881" option3="24928" />
		<options level="31" option1="24835" option2="24882" option3="24929" />
		<options level="32" option1="24836" option2="24883" option3="24930" />
		<options level="33" option1="24837" option2="24884" option3="24931" />
		<options level="34" option1="24838" option2="24885" option3="24932" />
		<options level="35" option1="24839" option2="24886" option3="24933" />
		<options level="36" option1="24840" option2="24887" option3="24934" />
		<options level="37" option1="24841" option2="24888" option3="24935" />
		<options level="38" option1="24842" option2="24889" option3="24936" />
		<options level="39" option1="24843" option2="24890" option3="24937" />
		<options level="40" option1="24844" option2="24891" option3="24938" />
		<options level="41" option1="24845" option2="24892" option3="24939" />
		<options level="42" option1="24846" option2="24893" option3="24940" />
		<options level="43" option1="24847" option2="24894" option3="24941" />
		<options level="44" option1="24848" option2="24895" option3="24942" />
		<options level="45" option1="24849" option2="24896" option3="24943" />
		<options level="46" option1="24850" option2="24897" option3="24944" />
		<options level="47" option1="24851" option2="24898" option3="24945" />
		<options level="48" option1="24852" option2="24899" option3="24946" />
		<options level="49" option1="24853" option2="24900" option3="24947" />
		<options level="50" option1="24854" option2="24901" option3="24948" />
	</item>
	<item id="15392"> <!-- Weaver's Multi-colored Clothes (Event) - Permanent Use -->
		<options level="0" option1="24949" />
		<options level="1" option1="24805" />
		<options level="2" option1="24806" />
		<options level="3" option1="24807" />
		<options level="4" option1="24808" option2="24855" option3="24902" />
		<options level="5" option1="24809" option2="24856" option3="24903" />
		<options level="6" option1="24810" option2="24857" option3="24904" />
		<options level="7" option1="24811" option2="24858" option3="24905" />
		<options level="8" option1="24812" option2="24859" option3="24906" />
		<options level="9" option1="24813" option2="24860" option3="24907" />
		<options level="10" option1="24814" option2="24861" option3="24908" />
		<options level="11" option1="24815" option2="24862" option3="24909" />
		<options level="12" option1="24816" option2="24863" option3="24910" />
		<options level="13" option1="24817" option2="24864" option3="24911" />
		<options level="14" option1="24818" option2="24865" option3="24912" />
		<options level="15" option1="24819" option2="24866" option3="24913" />
		<options level="16" option1="24820" option2="24867" option3="24914" />
		<options level="17" option1="24821" option2="24868" option3="24915" />
		<options level="18" option1="24822" option2="24869" option3="24916" />
		<options level="19" option1="24823" option2="24870" option3="24917" />
		<options level="20" option1="24824" option2="24871" option3="24918" />
		<options level="21" option1="24825" option2="24872" option3="24919" />
		<options level="22" option1="24826" option2="24873" option3="24920" />
		<options level="23" option1="24827" option2="24874" option3="24921" />
		<options level="24" option1="24828" option2="24875" option3="24922" />
		<options level="25" option1="24829" option2="24876" option3="24923" />
		<options level="26" option1="24830" option2="24877" option3="24924" />
		<options level="27" option1="24831" option2="24878" option3="24925" />
		<options level="28" option1="24832" option2="24879" option3="24926" />
		<options level="29" option1="24833" option2="24880" option3="24927" />
		<options level="30" option1="24834" option2="24881" option3="24928" />
		<options level="31" option1="24835" option2="24882" option3="24929" />
		<options level="32" option1="24836" option2="24883" option3="24930" />
		<options level="33" option1="24837" option2="24884" option3="24931" />
		<options level="34" option1="24838" option2="24885" option3="24932" />
		<options level="35" option1="24839" option2="24886" option3="24933" />
		<options level="36" option1="24840" option2="24887" option3="24934" />
		<options level="37" option1="24841" option2="24888" option3="24935" />
		<options level="38" option1="24842" option2="24889" option3="24936" />
		<options level="39" option1="24843" option2="24890" option3="24937" />
		<options level="40" option1="24844" option2="24891" option3="24938" />
		<options level="41" option1="24845" option2="24892" option3="24939" />
		<options level="42" option1="24846" option2="24893" option3="24940" />
		<options level="43" option1="24847" option2="24894" option3="24941" />
		<options level="44" option1="24848" option2="24895" option3="24942" />
		<options level="45" option1="24849" option2="24896" option3="24943" />
		<options level="46" option1="24850" option2="24897" option3="24944" />
		<options level="47" option1="24851" option2="24898" option3="24945" />
		<options level="48" option1="24852" option2="24899" option3="24946" />
		<options level="49" option1="24853" option2="24900" option3="24947" />
		<options level="50" option1="24854" option2="24901" option3="24948" />
	</item>
	<item id="20759"> <!-- Christmas Shirt - 24-hour limited period -->
		<options level="0" option1="24949" />
		<options level="1" option1="24805" />
		<options level="2" option1="24806" />
		<options level="3" option1="24807" />
		<options level="4" option1="24808" option2="24855" option3="24902" />
		<options level="5" option1="24809" option2="24856" option3="24903" />
		<options level="6" option1="24810" option2="24857" option3="24904" />
		<options level="7" option1="24811" option2="24858" option3="24905" />
		<options level="8" option1="24812" option2="24859" option3="24906" />
		<options level="9" option1="24813" option2="24860" option3="24907" />
		<options level="10" option1="24814" option2="24861" option3="24908" />
		<options level="11" option1="24815" option2="24862" option3="24909" />
		<options level="12" option1="24816" option2="24863" option3="24910" />
		<options level="13" option1="24817" option2="24864" option3="24911" />
		<options level="14" option1="24818" option2="24865" option3="24912" />
		<options level="15" option1="24819" option2="24866" option3="24913" />
		<options level="16" option1="24820" option2="24867" option3="24914" />
		<options level="17" option1="24821" option2="24868" option3="24915" />
		<options level="18" option1="24822" option2="24869" option3="24916" />
		<options level="19" option1="24823" option2="24870" option3="24917" />
		<options level="20" option1="24824" option2="24871" option3="24918" />
		<options level="21" option1="24825" option2="24872" option3="24919" />
		<options level="22" option1="24826" option2="24873" option3="24920" />
		<options level="23" option1="24827" option2="24874" option3="24921" />
		<options level="24" option1="24828" option2="24875" option3="24922" />
		<options level="25" option1="24829" option2="24876" option3="24923" />
		<options level="26" option1="24830" option2="24877" option3="24924" />
		<options level="27" option1="24831" option2="24878" option3="24925" />
		<options level="28" option1="24832" option2="24879" option3="24926" />
		<options level="29" option1="24833" option2="24880" option3="24927" />
		<options level="30" option1="24834" option2="24881" option3="24928" />
		<options level="31" option1="24835" option2="24882" option3="24929" />
		<options level="32" option1="24836" option2="24883" option3="24930" />
		<options level="33" option1="24837" option2="24884" option3="24931" />
		<options level="34" option1="24838" option2="24885" option3="24932" />
		<options level="35" option1="24839" option2="24886" option3="24933" />
		<options level="36" option1="24840" option2="24887" option3="24934" />
		<options level="37" option1="24841" option2="24888" option3="24935" />
		<options level="38" option1="24842" option2="24889" option3="24936" />
		<options level="39" option1="24843" option2="24890" option3="24937" />
		<options level="40" option1="24844" option2="24891" option3="24938" />
		<options level="41" option1="24845" option2="24892" option3="24939" />
		<options level="42" option1="24846" option2="24893" option3="24940" />
		<options level="43" option1="24847" option2="24894" option3="24941" />
		<options level="44" option1="24848" option2="24895" option3="24942" />
		<options level="45" option1="24849" option2="24896" option3="24943" />
		<options level="46" option1="24850" option2="24897" option3="24944" />
		<options level="47" option1="24851" option2="24898" option3="24945" />
		<options level="48" option1="24852" option2="24899" option3="24946" />
		<options level="49" option1="24853" option2="24900" option3="24947" />
		<options level="50" option1="24854" option2="24901" option3="24948" />
	</item>
	<item id="15393"> <!-- Vitality Belt (7-day limited period) -->
		<options level="0" option1="24949" />
		<options level="1" option1="24805" />
		<options level="2" option1="24806" />
		<options level="3" option1="24807" />
		<options level="4" option1="24808" />
		<options level="5" option1="24809" />
		<options level="6" option1="24810" />
		<options level="7" option1="24811" />
		<options level="8" option1="24812" />
		<options level="9" option1="24813" />
		<options level="10" option1="24814" />
		<options level="11" option1="24815" />
		<options level="12" option1="24816" />
		<options level="13" option1="24817" />
		<options level="14" option1="24818" />
		<options level="15" option1="24819" />
		<options level="16" option1="24820" />
		<options level="17" option1="24821" />
		<options level="18" option1="24822" />
		<options level="19" option1="24823" />
		<options level="20" option1="24824" />
		<options level="21" option1="24825" />
		<options level="22" option1="24826" />
		<options level="23" option1="24827" />
		<options level="24" option1="24828" />
		<options level="25" option1="24829" />
		<options level="26" option1="24830" />
		<options level="27" option1="24831" />
		<options level="28" option1="24832" />
		<options level="29" option1="24833" />
		<options level="30" option1="24834" />
		<options level="31" option1="24835" />
		<options level="32" option1="24836" />
		<options level="33" option1="24837" />
		<options level="34" option1="24838" />
		<options level="35" option1="24839" />
		<options level="36" option1="24840" />
		<options level="37" option1="24841" />
		<options level="38" option1="24842" />
		<options level="39" option1="24843" />
		<options level="40" option1="24844" />
		<options level="41" option1="24845" />
		<options level="42" option1="24846" />
		<options level="43" option1="24847" />
		<options level="44" option1="24848" />
		<options level="45" option1="24849" />
		<options level="46" option1="24850" />
		<options level="47" option1="24851" />
		<options level="48" option1="24852" />
		<options level="49" option1="24853" />
		<options level="50" option1="24854" />
	</item>
	<item id="15394"> <!-- Vitality Belt (30-day limited period) -->
		<options level="0" option1="24949" />
		<options level="1" option1="24805" />
		<options level="2" option1="24806" />
		<options level="3" option1="24807" />
		<options level="4" option1="24808" />
		<options level="5" option1="24809" />
		<options level="6" option1="24810" />
		<options level="7" option1="24811" />
		<options level="8" option1="24812" />
		<options level="9" option1="24813" />
		<options level="10" option1="24814" />
		<options level="11" option1="24815" />
		<options level="12" option1="24816" />
		<options level="13" option1="24817" />
		<options level="14" option1="24818" />
		<options level="15" option1="24819" />
		<options level="16" option1="24820" />
		<options level="17" option1="24821" />
		<options level="18" option1="24822" />
		<options level="19" option1="24823" />
		<options level="20" option1="24824" />
		<options level="21" option1="24825" />
		<options level="22" option1="24826" />
		<options level="23" option1="24827" />
		<options level="24" option1="24828" />
		<options level="25" option1="24829" />
		<options level="26" option1="24830" />
		<options level="27" option1="24831" />
		<options level="28" option1="24832" />
		<options level="29" option1="24833" />
		<options level="30" option1="24834" />
		<options level="31" option1="24835" />
		<options level="32" option1="24836" />
		<options level="33" option1="24837" />
		<options level="34" option1="24838" />
		<options level="35" option1="24839" />
		<options level="36" option1="24840" />
		<options level="37" option1="24841" />
		<options level="38" option1="24842" />
		<options level="39" option1="24843" />
		<options level="40" option1="24844" />
		<options level="41" option1="24845" />
		<options level="42" option1="24846" />
		<options level="43" option1="24847" />
		<options level="44" option1="24848" />
		<options level="45" option1="24849" />
		<options level="46" option1="24850" />
		<options level="47" option1="24851" />
		<options level="48" option1="24852" />
		<options level="49" option1="24853" />
		<options level="50" option1="24854" />
	</item>
	<item id="15395"> <!-- Vitality Belt (60-day limited period) -->
		<options level="0" option1="24949" />
		<options level="1" option1="24805" />
		<options level="2" option1="24806" />
		<options level="3" option1="24807" />
		<options level="4" option1="24808" />
		<options level="5" option1="24809" />
		<options level="6" option1="24810" />
		<options level="7" option1="24811" />
		<options level="8" option1="24812" />
		<options level="9" option1="24813" />
		<options level="10" option1="24814" />
		<options level="11" option1="24815" />
		<options level="12" option1="24816" />
		<options level="13" option1="24817" />
		<options level="14" option1="24818" />
		<options level="15" option1="24819" />
		<options level="16" option1="24820" />
		<options level="17" option1="24821" />
		<options level="18" option1="24822" />
		<options level="19" option1="24823" />
		<options level="20" option1="24824" />
		<options level="21" option1="24825" />
		<options level="22" option1="24826" />
		<options level="23" option1="24827" />
		<options level="24" option1="24828" />
		<options level="25" option1="24829" />
		<options level="26" option1="24830" />
		<options level="27" option1="24831" />
		<options level="28" option1="24832" />
		<options level="29" option1="24833" />
		<options level="30" option1="24834" />
		<options level="31" option1="24835" />
		<options level="32" option1="24836" />
		<options level="33" option1="24837" />
		<options level="34" option1="24838" />
		<options level="35" option1="24839" />
		<options level="36" option1="24840" />
		<options level="37" option1="24841" />
		<options level="38" option1="24842" />
		<options level="39" option1="24843" />
		<options level="40" option1="24844" />
		<options level="41" option1="24845" />
		<options level="42" option1="24846" />
		<options level="43" option1="24847" />
		<options level="44" option1="24848" />
		<options level="45" option1="24849" />
		<options level="46" option1="24850" />
		<options level="47" option1="24851" />
		<options level="48" option1="24852" />
		<options level="49" option1="24853" />
		<options level="50" option1="24854" />
	</item>
	<item id="15396"> <!-- Vitality Belt (90-day limited period) -->
		<options level="0" option1="24949" />
		<options level="1" option1="24805" />
		<options level="2" option1="24806" />
		<options level="3" option1="24807" />
		<options level="4" option1="24808" />
		<options level="5" option1="24809" />
		<options level="6" option1="24810" />
		<options level="7" option1="24811" />
		<options level="8" option1="24812" />
		<options level="9" option1="24813" />
		<options level="10" option1="24814" />
		<options level="11" option1="24815" />
		<options level="12" option1="24816" />
		<options level="13" option1="24817" />
		<options level="14" option1="24818" />
		<options level="15" option1="24819" />
		<options level="16" option1="24820" />
		<options level="17" option1="24821" />
		<options level="18" option1="24822" />
		<options level="19" option1="24823" />
		<options level="20" option1="24824" />
		<options level="21" option1="24825" />
		<options level="22" option1="24826" />
		<options level="23" option1="24827" />
		<options level="24" option1="24828" />
		<options level="25" option1="24829" />
		<options level="26" option1="24830" />
		<options level="27" option1="24831" />
		<options level="28" option1="24832" />
		<options level="29" option1="24833" />
		<options level="30" option1="24834" />
		<options level="31" option1="24835" />
		<options level="32" option1="24836" />
		<options level="33" option1="24837" />
		<options level="34" option1="24838" />
		<options level="35" option1="24839" />
		<options level="36" option1="24840" />
		<options level="37" option1="24841" />
		<options level="38" option1="24842" />
		<options level="39" option1="24843" />
		<options level="40" option1="24844" />
		<options level="41" option1="24845" />
		<options level="42" option1="24846" />
		<options level="43" option1="24847" />
		<options level="44" option1="24848" />
		<options level="45" option1="24849" />
		<options level="46" option1="24850" />
		<options level="47" option1="24851" />
		<options level="48" option1="24852" />
		<options level="49" option1="24853" />
		<options level="50" option1="24854" />
	</item>
	<item id="15397"> <!-- Vitality Belt (Permanent Use) -->
		<options level="0" option1="24949" />
		<options level="1" option1="24805" />
		<options level="2" option1="24806" />
		<options level="3" option1="24807" />
		<options level="4" option1="24808" />
		<options level="5" option1="24809" />
		<options level="6" option1="24810" />
		<options level="7" option1="24811" />
		<options level="8" option1="24812" />
		<options level="9" option1="24813" />
		<options level="10" option1="24814" />
		<options level="11" option1="24815" />
		<options level="12" option1="24816" />
		<options level="13" option1="24817" />
		<options level="14" option1="24818" />
		<options level="15" option1="24819" />
		<options level="16" option1="24820" />
		<options level="17" option1="24821" />
		<options level="18" option1="24822" />
		<options level="19" option1="24823" />
		<options level="20" option1="24824" />
		<options level="21" option1="24825" />
		<options level="22" option1="24826" />
		<options level="23" option1="24827" />
		<options level="24" option1="24828" />
		<options level="25" option1="24829" />
		<options level="26" option1="24830" />
		<options level="27" option1="24831" />
		<options level="28" option1="24832" />
		<options level="29" option1="24833" />
		<options level="30" option1="24834" />
		<options level="31" option1="24835" />
		<options level="32" option1="24836" />
		<options level="33" option1="24837" />
		<options level="34" option1="24838" />
		<options level="35" option1="24839" />
		<options level="36" option1="24840" />
		<options level="37" option1="24841" />
		<options level="38" option1="24842" />
		<options level="39" option1="24843" />
		<options level="40" option1="24844" />
		<options level="41" option1="24845" />
		<options level="42" option1="24846" />
		<options level="43" option1="24847" />
		<options level="44" option1="24848" />
		<options level="45" option1="24849" />
		<options level="46" option1="24850" />
		<options level="47" option1="24851" />
		<options level="48" option1="24852" />
		<options level="49" option1="24853" />
		<options level="50" option1="24854" />
	</item>
	<item id="15398"> <!-- Vitality Belt (Event) (7-day limited period) -->
		<options level="0" option1="24949" />
		<options level="1" option1="24805" />
		<options level="2" option1="24806" />
		<options level="3" option1="24807" />
		<options level="4" option1="24808" />
		<options level="5" option1="24809" />
		<options level="6" option1="24810" />
		<options level="7" option1="24811" />
		<options level="8" option1="24812" />
		<options level="9" option1="24813" />
		<options level="10" option1="24814" />
		<options level="11" option1="24815" />
		<options level="12" option1="24816" />
		<options level="13" option1="24817" />
		<options level="14" option1="24818" />
		<options level="15" option1="24819" />
		<options level="16" option1="24820" />
		<options level="17" option1="24821" />
		<options level="18" option1="24822" />
		<options level="19" option1="24823" />
		<options level="20" option1="24824" />
		<options level="21" option1="24825" />
		<options level="22" option1="24826" />
		<options level="23" option1="24827" />
		<options level="24" option1="24828" />
		<options level="25" option1="24829" />
		<options level="26" option1="24830" />
		<options level="27" option1="24831" />
		<options level="28" option1="24832" />
		<options level="29" option1="24833" />
		<options level="30" option1="24834" />
		<options level="31" option1="24835" />
		<options level="32" option1="24836" />
		<options level="33" option1="24837" />
		<options level="34" option1="24838" />
		<options level="35" option1="24839" />
		<options level="36" option1="24840" />
		<options level="37" option1="24841" />
		<options level="38" option1="24842" />
		<options level="39" option1="24843" />
		<options level="40" option1="24844" />
		<options level="41" option1="24845" />
		<options level="42" option1="24846" />
		<options level="43" option1="24847" />
		<options level="44" option1="24848" />
		<options level="45" option1="24849" />
		<options level="46" option1="24850" />
		<options level="47" option1="24851" />
		<options level="48" option1="24852" />
		<options level="49" option1="24853" />
		<options level="50" option1="24854" />
	</item>
	<item id="15399"> <!-- Vitality Belt (Event) (30-day limited period) -->
		<options level="0" option1="24949" />
		<options level="1" option1="24805" />
		<options level="2" option1="24806" />
		<options level="3" option1="24807" />
		<options level="4" option1="24808" />
		<options level="5" option1="24809" />
		<options level="6" option1="24810" />
		<options level="7" option1="24811" />
		<options level="8" option1="24812" />
		<options level="9" option1="24813" />
		<options level="10" option1="24814" />
		<options level="11" option1="24815" />
		<options level="12" option1="24816" />
		<options level="13" option1="24817" />
		<options level="14" option1="24818" />
		<options level="15" option1="24819" />
		<options level="16" option1="24820" />
		<options level="17" option1="24821" />
		<options level="18" option1="24822" />
		<options level="19" option1="24823" />
		<options level="20" option1="24824" />
		<options level="21" option1="24825" />
		<options level="22" option1="24826" />
		<options level="23" option1="24827" />
		<options level="24" option1="24828" />
		<options level="25" option1="24829" />
		<options level="26" option1="24830" />
		<options level="27" option1="24831" />
		<options level="28" option1="24832" />
		<options level="29" option1="24833" />
		<options level="30" option1="24834" />
		<options level="31" option1="24835" />
		<options level="32" option1="24836" />
		<options level="33" option1="24837" />
		<options level="34" option1="24838" />
		<options level="35" option1="24839" />
		<options level="36" option1="24840" />
		<options level="37" option1="24841" />
		<options level="38" option1="24842" />
		<options level="39" option1="24843" />
		<options level="40" option1="24844" />
		<options level="41" option1="24845" />
		<options level="42" option1="24846" />
		<options level="43" option1="24847" />
		<options level="44" option1="24848" />
		<options level="45" option1="24849" />
		<options level="46" option1="24850" />
		<options level="47" option1="24851" />
		<options level="48" option1="24852" />
		<options level="49" option1="24853" />
		<options level="50" option1="24854" />
	</item>
	<item id="15400"> <!-- Vitality Belt (Event) (60-day limited period) -->
		<options level="0" option1="24949" />
		<options level="1" option1="24805" />
		<options level="2" option1="24806" />
		<options level="3" option1="24807" />
		<options level="4" option1="24808" />
		<options level="5" option1="24809" />
		<options level="6" option1="24810" />
		<options level="7" option1="24811" />
		<options level="8" option1="24812" />
		<options level="9" option1="24813" />
		<options level="10" option1="24814" />
		<options level="11" option1="24815" />
		<options level="12" option1="24816" />
		<options level="13" option1="24817" />
		<options level="14" option1="24818" />
		<options level="15" option1="24819" />
		<options level="16" option1="24820" />
		<options level="17" option1="24821" />
		<options level="18" option1="24822" />
		<options level="19" option1="24823" />
		<options level="20" option1="24824" />
		<options level="21" option1="24825" />
		<options level="22" option1="24826" />
		<options level="23" option1="24827" />
		<options level="24" option1="24828" />
		<options level="25" option1="24829" />
		<options level="26" option1="24830" />
		<options level="27" option1="24831" />
		<options level="28" option1="24832" />
		<options level="29" option1="24833" />
		<options level="30" option1="24834" />
		<options level="31" option1="24835" />
		<options level="32" option1="24836" />
		<options level="33" option1="24837" />
		<options level="34" option1="24838" />
		<options level="35" option1="24839" />
		<options level="36" option1="24840" />
		<options level="37" option1="24841" />
		<options level="38" option1="24842" />
		<options level="39" option1="24843" />
		<options level="40" option1="24844" />
		<options level="41" option1="24845" />
		<options level="42" option1="24846" />
		<options level="43" option1="24847" />
		<options level="44" option1="24848" />
		<options level="45" option1="24849" />
		<options level="46" option1="24850" />
		<options level="47" option1="24851" />
		<options level="48" option1="24852" />
		<options level="49" option1="24853" />
		<options level="50" option1="24854" />
	</item>
	<item id="15401"> <!-- Vitality Belt (Event) (90-day limited period) -->
		<options level="0" option1="24949" />
		<options level="1" option1="24805" />
		<options level="2" option1="24806" />
		<options level="3" option1="24807" />
		<options level="4" option1="24808" />
		<options level="5" option1="24809" />
		<options level="6" option1="24810" />
		<options level="7" option1="24811" />
		<options level="8" option1="24812" />
		<options level="9" option1="24813" />
		<options level="10" option1="24814" />
		<options level="11" option1="24815" />
		<options level="12" option1="24816" />
		<options level="13" option1="24817" />
		<options level="14" option1="24818" />
		<options level="15" option1="24819" />
		<options level="16" option1="24820" />
		<options level="17" option1="24821" />
		<options level="18" option1="24822" />
		<options level="19" option1="24823" />
		<options level="20" option1="24824" />
		<options level="21" option1="24825" />
		<options level="22" option1="24826" />
		<options level="23" option1="24827" />
		<options level="24" option1="24828" />
		<options level="25" option1="24829" />
		<options level="26" option1="24830" />
		<options level="27" option1="24831" />
		<options level="28" option1="24832" />
		<options level="29" option1="24833" />
		<options level="30" option1="24834" />
		<options level="31" option1="24835" />
		<options level="32" option1="24836" />
		<options level="33" option1="24837" />
		<options level="34" option1="24838" />
		<options level="35" option1="24839" />
		<options level="36" option1="24840" />
		<options level="37" option1="24841" />
		<options level="38" option1="24842" />
		<options level="39" option1="24843" />
		<options level="40" option1="24844" />
		<options level="41" option1="24845" />
		<options level="42" option1="24846" />
		<options level="43" option1="24847" />
		<options level="44" option1="24848" />
		<options level="45" option1="24849" />
		<options level="46" option1="24850" />
		<options level="47" option1="24851" />
		<options level="48" option1="24852" />
		<options level="49" option1="24853" />
		<options level="50" option1="24854" />
	</item>
	<item id="15402"> <!-- Vitality Belt (Event) (Permanent Use) -->
		<options level="0" option1="24949" />
		<options level="1" option1="24805" />
		<options level="2" option1="24806" />
		<options level="3" option1="24807" />
		<options level="4" option1="24808" />
		<options level="5" option1="24809" />
		<options level="6" option1="24810" />
		<options level="7" option1="24811" />
		<options level="8" option1="24812" />
		<options level="9" option1="24813" />
		<options level="10" option1="24814" />
		<options level="11" option1="24815" />
		<options level="12" option1="24816" />
		<options level="13" option1="24817" />
		<options level="14" option1="24818" />
		<options level="15" option1="24819" />
		<options level="16" option1="24820" />
		<options level="17" option1="24821" />
		<options level="18" option1="24822" />
		<options level="19" option1="24823" />
		<options level="20" option1="24824" />
		<options level="21" option1="24825" />
		<options level="22" option1="24826" />
		<options level="23" option1="24827" />
		<options level="24" option1="24828" />
		<options level="25" option1="24829" />
		<options level="26" option1="24830" />
		<options level="27" option1="24831" />
		<options level="28" option1="24832" />
		<options level="29" option1="24833" />
		<options level="30" option1="24834" />
		<options level="31" option1="24835" />
		<options level="32" option1="24836" />
		<options level="33" option1="24837" />
		<options level="34" option1="24838" />
		<options level="35" option1="24839" />
		<options level="36" option1="24840" />
		<options level="37" option1="24841" />
		<options level="38" option1="24842" />
		<options level="39" option1="24843" />
		<options level="40" option1="24844" />
		<options level="41" option1="24845" />
		<options level="42" option1="24846" />
		<options level="43" option1="24847" />
		<options level="44" option1="24848" />
		<options level="45" option1="24849" />
		<options level="46" option1="24850" />
		<options level="47" option1="24851" />
		<options level="48" option1="24852" />
		<options level="49" option1="24853" />
		<options level="50" option1="24854" />
	</item>
	<item id="21580"> <!-- Power Shirt -->
		<options level="0" option1="24965" />
		<options level="1" option1="24966" />
		<options level="2" option1="24967" />
		<options level="3" option1="24968" />
		<options level="4" option1="24969" option2="24975" />
		<options level="5" option1="24970" option2="24976" />
		<options level="6" option1="24971" option2="24977" />
		<options level="7" option1="24972" option2="24978" option3="24982" />
		<options level="8" option1="24973" option2="24979" option3="24982" />
		<options level="9" option1="24974" option2="24980" option3="24983" />
		<options level="10" option1="24984" option2="24985" option3="24983" />
	</item>
	<item id="37718"> <!-- Shiny Elemental Shirt -->
		<options level="0" option1="30299" />
		<options level="1" option1="30300" />
		<options level="2" option1="30301" />
		<options level="3" option1="30302" />
		<options level="4" option1="30303" />
		<options level="5" option1="30304" />
		<options level="6" option1="30305" option2="30310" />
		<options level="7" option1="30306" option2="30311" />
		<options level="8" option1="30307" option2="30312" />
		<options level="9" option1="30308" option2="30313" />
		<options level="10" option1="30309" option2="30314" />
	</item>
	<item id="23240"> <!-- Pa'agrio Shirt -->
		<options level="0" option1="30227" />
		<options level="1" option1="30228" />
		<options level="2" option1="30229" />
		<options level="3" option1="30230" />
		<options level="4" option1="30231" />
		<options level="5" option1="30232" />
		<options level="6" option1="30233" />
		<options level="7" option1="30234" option2="30238" />
		<options level="8" option1="30235" option2="30239" />
		<options level="9" option1="30236" option2="30238" />
		<options level="10" option1="30237" option2="30239" />
	</item>
	<item id="23301"> <!-- Sayha Shirt -->
		<options level="0" option1="30227" />
		<options level="1" option1="30228" />
		<options level="2" option1="30229" />
		<options level="3" option1="30230" />
		<options level="4" option1="30231" />
		<options level="5" option1="30232" />
		<options level="6" option1="30233" />
		<options level="7" option1="30234" option2="30240" option3="30240" />
		<options level="8" option1="30235" option2="30240" option3="30240" />
		<options level="9" option1="30236" option2="30241" option3="30241" />
		<options level="10" option1="30237" option2="30241" option3="30241" />
	</item>
	<item id="23304"> <!-- Eva's Shirt -->
		<options level="0" option1="30227" />
		<options level="1" option1="30228" />
		<options level="2" option1="30229" />
		<options level="3" option1="30230" />
		<options level="4" option1="30231" />
		<options level="5" option1="30232" />
		<options level="6" option1="30233" />
		<options level="7" option1="30234" option2="30243" />
		<options level="8" option1="30235" option2="30243" />
		<options level="9" option1="30236" option2="30244" />
		<options level="10" option1="30237" option2="30244" />
	</item>
	<item id="23307"> <!-- Maphr Shirt -->
		<options level="0" option1="30227" />
		<options level="1" option1="30228" />
		<options level="2" option1="30229" />
		<options level="3" option1="30230" />
		<options level="4" option1="30231" />
		<options level="5" option1="30232" />
		<options level="6" option1="30233" />
		<options level="7" option1="30234" option2="30245" />
		<options level="8" option1="30235" option2="30245" />
		<options level="9" option1="30236" option2="30246" />
		<options level="10" option1="30237" option2="30246" />
	</item>
	<item id="46193">  <!-- Physycal Reflect Shirt -->
		<options level="0" option1="32839" />
		<options level="1" option1="32840" />
		<options level="2" option1="32841" />
		<options level="3" option1="32842" />
		<options level="4" option1="32843" />
		<options level="5" option1="32844" />
		<options level="6" option1="32845" />
		<options level="7" option1="32846" />
		<options level="8" option1="32847" />
		<options level="9" option1="32848" />
		<options level="10" option1="32849" />
	</item>
	<item id="46194"> <!--  Magical Reflect Shirt -->
		<options level="0" option1="32850" />
		<options level="1" option1="32851" />
		<options level="2" option1="32852" />
		<options level="3" option1="32853" />
		<options level="4" option1="32854" />
		<options level="5" option1="32855" />
		<options level="6" option1="32856" />
		<options level="7" option1="32857" />
		<options level="8" option1="32858" />
		<options level="9" option1="32859" />
		<options level="10" option1="32860" />
	</item>
	<item id="21706"> <!-- Power Shirt (Event) -->
		<options level="0" option1="24965" />
		<options level="1" option1="24966" />
		<options level="2" option1="24967" />
		<options level="3" option1="24968" />
		<options level="4" option1="24969" option2="24975" />
		<options level="5" option1="24970" option2="24976" />
		<options level="6" option1="24971" option2="24977" />
		<options level="7" option1="24972" option2="24978" option3="24982" />
		<options level="8" option1="24973" option2="24979" option3="24982" />
		<options level="9" option1="24974" option2="24980" option3="24983" />
		<options level="10" option1="24984" option2="24985" option3="24983" />
	</item>
	<item id="34717"> <!-- Refined Devil Horn -->
		<options level="1" option1="30178" />
		<options level="2" option1="30180" />
		<options level="3" option1="30182" />
		<options level="4" option1="30186" />
		<options level="5" option1="30190" />
		<options level="6" option1="30194" />
		<options level="7" option1="30198" />
		<options level="8" option1="30202" />
		<options level="9" option1="30206" />
		<options level="10" option1="30210" />
		<options level="11" option1="30214" />
		<options level="12" option1="30218" />
		<options level="13" option1="30222" />
		<options level="14" option1="30226" />
	</item>
	<!-- Shadow Weapons Option Data -->
	<item id="46317"> <!-- Shadow Shaper -->
		<options level="0" option1="32921" />
		<options level="1" option1="32922" />
		<options level="2" option1="32923" />
		<options level="3" option1="32924" />
		<options level="4" option1="32925" />
		<options level="5" option1="32926" />
		<options level="6" option1="32927" />
		<options level="7" option1="32928" />
		<options level="8" option1="32929" />
		<options level="9" option1="32930" />
		<options level="10" option1="32931" />
	</item>
	<item id="46318"> <!-- Shadow Cutter -->
		<options level="0" option1="32873" />
		<options level="1" option1="32874" />
		<options level="2" option1="32875" />
		<options level="3" option1="32876" />
		<options level="4" option1="32877" />
		<options level="5" option1="32878" />
		<options level="6" option1="32879" />
		<options level="7" option1="32880" />
		<options level="8" option1="32881" />
		<options level="9" option1="32882" />
		<options level="10" option1="32883" />
	</item>
	<item id="46319"> <!-- Shadow Slasher -->
		<options level="0" option1="32885" />
		<options level="1" option1="32886" />
		<options level="2" option1="32887" />
		<options level="3" option1="32888" />
		<options level="4" option1="32889" />
		<options level="5" option1="32890" />
		<options level="6" option1="32891" />
		<options level="7" option1="32892" />
		<options level="8" option1="32893" />
		<options level="9" option1="32894" />
		<options level="10" option1="32895" />
	</item>
	<item id="46320"> <!-- Shadow Fighter -->
		<options level="0" option1="32897" />
		<options level="1" option1="32898" />
		<options level="2" option1="32899" />
		<options level="3" option1="32900" />
		<options level="4" option1="32901" />
		<options level="5" option1="32902" />
		<options level="6" option1="32903" />
		<options level="7" option1="32904" />
		<options level="8" option1="32905" />
		<options level="9" option1="32906" />
		<options level="10" option1="32907" />
	</item>
	<item id="46321"> <!-- Shadow Stormer -->
		<options level="0" option1="32909" />
		<options level="1" option1="32910" />
		<options level="2" option1="32911" />
		<options level="3" option1="32912" />
		<options level="4" option1="32913" />
		<options level="5" option1="32914" />
		<options level="6" option1="32915" />
		<options level="7" option1="32916" />
		<options level="8" option1="32917" />
		<options level="9" option1="32918" />
		<options level="10" option1="32919" />
	</item>
	<item id="46322"> <!-- Shadow Thrower -->
		<options level="0" option1="32933" />
		<options level="1" option1="32934" />
		<options level="2" option1="32935" />
		<options level="3" option1="32936" />
		<options level="4" option1="32937" />
		<options level="5" option1="32938" />
		<options level="6" option1="32939" />
		<options level="7" option1="32940" />
		<options level="8" option1="32941" />
		<options level="9" option1="32942" />
		<options level="10" option1="32943" />
	</item>
	<item id="46323"> <!-- Shadow Shooter -->
		<options level="0" option1="32945" />
		<options level="1" option1="32946" />
		<options level="2" option1="32947" />
		<options level="3" option1="32948" />
		<options level="4" option1="32949" />
		<options level="5" option1="32950" />
		<options level="6" option1="32951" />
		<options level="7" option1="32952" />
		<options level="8" option1="32953" />
		<options level="9" option1="32954" />
		<options level="10" option1="32955" />
	</item>
	<item id="46324"> <!-- Shadow Buster -->
		<options level="0" option1="32957" />
		<options level="1" option1="32958" />
		<options level="2" option1="32959" />
		<options level="3" option1="32960" />
		<options level="4" option1="32961" />
		<options level="5" option1="32962" />
		<options level="6" option1="32963" />
		<options level="7" option1="32964" />
		<options level="8" option1="32965" />
		<options level="9" option1="32966" />
		<options level="10" option1="32967" />
	</item>
	<item id="46325"> <!-- Shadow Retributer -->
		<options level="0" option1="32969" />
		<options level="1" option1="32970" />
		<options level="2" option1="32971" />
		<options level="3" option1="32972" />
		<options level="4" option1="32973" />
		<options level="5" option1="32974" />
		<options level="6" option1="32975" />
		<options level="7" option1="32976" />
		<options level="8" option1="32977" />
		<options level="9" option1="32978" />
		<options level="10" option1="32979" />
	</item>
	<item id="46326"> <!-- Shadow Dualsword -->
		<options level="0" option1="32861" />
		<options level="1" option1="32862" />
		<options level="2" option1="32863" />
		<options level="3" option1="32864" />
		<options level="4" option1="32865" />
		<options level="5" option1="32866" />
		<options level="6" option1="32867" />
		<options level="7" option1="32868" />
		<options level="8" option1="32869" />
		<options level="9" option1="32870" />
		<options level="10" option1="32871" />
	</item>
	<item id="34623"> <!-- Pa'agrio's Shirt -->
		<options level="0" option1="30227" />
		<options level="1" option1="30228" />
		<options level="2" option1="30229" />
		<options level="3" option1="30230" />
		<options level="4" option1="30231" />
		<options level="5" option1="30232" />
		<options level="6" option1="30233" />
		<options level="7" option1="30234" option2="30238" />
		<options level="8" option1="30235" option2="30239" />
		<options level="9" option1="30236" option2="30238" />
		<options level="10" option1="30237" option2="30239" />
	</item>
	<item id="34624"> <!-- Sayha's Shirt -->
		<options level="0" option1="30227" />
		<options level="1" option1="30228" />
		<options level="2" option1="30229" />
		<options level="3" option1="30230" />
		<options level="4" option1="30231" />
		<options level="5" option1="30232" />
		<options level="6" option1="30233" />
		<options level="7" option1="30234" option2="30240" option3="30240" />
		<options level="8" option1="30235" option2="30240" option3="30240" />
		<options level="9" option1="30236" option2="30241" option3="30241" />
		<options level="10" option1="30237" option2="30241" option3="30241" />
	</item>
	<item id="34625"> <!-- Eva's Shirt -->
		<options level="0" option1="30227" />
		<options level="1" option1="30228" />
		<options level="2" option1="30229" />
		<options level="3" option1="30230" />
		<options level="4" option1="30231" />
		<options level="5" option1="30232" />
		<options level="6" option1="30233" />
		<options level="7" option1="30234" option2="30243" />
		<options level="8" option1="30235" option2="30243" />
		<options level="9" option1="30236" option2="30244" />
		<options level="10" option1="30237" option2="30244" />
	</item>
	<item id="34626"> <!-- Maphr's Shirt -->
		<options level="0" option1="30227" />
		<options level="1" option1="30228" />
		<options level="2" option1="30229" />
		<options level="3" option1="30230" />
		<options level="4" option1="30231" />
		<options level="5" option1="30232" />
		<options level="6" option1="30233" />
		<options level="7" option1="30234" option2="30245" />
		<options level="8" option1="30235" option2="30245" />
		<options level="9" option1="30236" option2="30246" />
		<options level="10" option1="30237" option2="30246" />
	</item>
	<item id="37718"> <!-- Shiny Elemental Shirt -->
		<options level="0" option1="30299" />
		<options level="1" option1="30300" />
		<options level="2" option1="30301" />
		<options level="3" option1="30302" />
		<options level="4" option1="30303" />
		<options level="5" option1="30304" />
		<options level="6" option1="30305" option2="30310" />
		<options level="7" option1="30306" option2="30311" />
		<options level="8" option1="30307" option2="30312" />
		<options level="9" option1="30308" option2="30313" />
		<options level="10" option1="30309" option2="30314" />
	</item>
	<item id="46193"> <!-- Physical Reflect Shirt -->
		<options level="0" option1="32839" />
		<options level="1" option1="32840" />
		<options level="2" option1="32841" />
		<options level="3" option1="32842" />
		<options level="4" option1="32843" />
		<options level="5" option1="32844" />
		<options level="6" option1="32845" />
		<options level="7" option1="32846" />
		<options level="8" option1="32847" />
		<options level="9" option1="32848" />
		<options level="10" option1="32849" />
	</item>
	<item id="46194"> <!-- Magical Reflect Shirt -->
		<options level="0" option1="32850" />
		<options level="1" option1="32851" />
		<options level="2" option1="32852" />
		<options level="3" option1="32853" />
		<options level="4" option1="32854" />
		<options level="5" option1="32855" />
		<options level="6" option1="32856" />
		<options level="7" option1="32857" />
		<options level="8" option1="32858" />
		<options level="9" option1="32859" />
		<options level="10" option1="32860" />
	</item>
</list>