<?xml version="1.0" encoding="UTF-8"?>
<list xmlns:xsi="http://www.w3.org/2001/XMLSchema-instance" xsi:noNamespaceSchemaLocation="xsd/InstanceNames.xsd">
	<instance id="147" name="Olympiad" />
	<instance id="148" name="Olympiad" />
	<instance id="149" name="Olympiad" />
	<instance id="150" name="Olympiad" />
	<instance id="186" name="Orchid Hall" />
	<instance id="187" name="Ellia Hall" />
	<instance id="188" name="Laurell Hall" />
	<instance id="189" name="Orchid Hall" />
	<instance id="190" name="Ellia Hall" />
	<instance id="191" name="Laurell Hall" />
	<instance id="192" name="Monster Arena" />
	<instance id="193" name="Elite Monster Arena" />
</list>