<?xml version="1.0" encoding="UTF-8"?>
<list xmlns:xsi="http://www.w3.org/2001/XMLSchema-instance" xsi:noNamespaceSchemaLocation="xsd/Seeds.xsd">
	<castle id="1">
		<crop id="5073" seedId="5016" mature_Id="5103" reward1="1864" reward2="1878" alternative="false" level="10" limit_seed="8100" limit_crops="9000" />
		<crop id="5818" seedId="5650" mature_Id="5838" reward1="1864" reward2="1878" alternative="true" level="10" limit_seed="22500" limit_crops="2250" />
		<crop id="5068" seedId="5017" mature_Id="5098" reward1="1865" reward2="1879" alternative="false" level="13" limit_seed="8100" limit_crops="9000" />
		<crop id="5819" seedId="5651" mature_Id="5839" reward1="1865" reward2="1879" alternative="true" level="13" limit_seed="22500" limit_crops="2250" />
		<crop id="5065" seedId="5018" mature_Id="5095" reward1="1866" reward2="1874" alternative="false" level="16" limit_seed="8100" limit_crops="9000" />
		<crop id="5820" seedId="5652" mature_Id="5840" reward1="1866" reward2="1874" alternative="true" level="16" limit_seed="22500" limit_crops="2250" />
		<crop id="5067" seedId="5019" mature_Id="5097" reward1="1867" reward2="1894" alternative="false" level="19" limit_seed="4050" limit_crops="4500" />
		<crop id="5821" seedId="5653" mature_Id="5841" reward1="1867" reward2="1894" alternative="true" level="19" limit_seed="11250" limit_crops="1125" />
		<crop id="5069" seedId="5020" mature_Id="5099" reward1="1868" reward2="1876" alternative="false" level="22" limit_seed="2025" limit_crops="2250" />
		<crop id="5822" seedId="5654" mature_Id="5842" reward1="1868" reward2="1876" alternative="true" level="22" limit_seed="5630" limit_crops="563" />
		<crop id="5071" seedId="5021" mature_Id="5101" reward1="1869" reward2="1895" alternative="false" level="25" limit_seed="1350" limit_crops="1500" />
		<crop id="5823" seedId="5655" mature_Id="5843" reward1="1869" reward2="1895" alternative="true" level="25" limit_seed="3750" limit_crops="375" />
		<crop id="5070" seedId="5022" mature_Id="5100" reward1="1870" reward2="1877" alternative="false" level="28" limit_seed="2025" limit_crops="2250" />
		<crop id="5824" seedId="5656" mature_Id="5844" reward1="1870" reward2="1877" alternative="true" level="28" limit_seed="5630" limit_crops="563" />
		<crop id="5078" seedId="7051" mature_Id="5108" reward1="1871" reward2="4042" alternative="false" level="31" limit_seed="2025" limit_crops="2250" />
		<crop id="5825" seedId="7044" mature_Id="5845" reward1="1871" reward2="4042" alternative="true" level="31" limit_seed="5630" limit_crops="563" />
		<crop id="5075" seedId="7019" mature_Id="5105" reward1="1872" reward2="1880" alternative="false" level="34" limit_seed="1620" limit_crops="1800" />
		<crop id="5826" seedId="7033" mature_Id="5846" reward1="1872" reward2="1880" alternative="true" level="34" limit_seed="4500" limit_crops="450" />
		<crop id="5077" seedId="5023" mature_Id="5107" reward1="1873" reward2="4044" alternative="false" level="37" limit_seed="810" limit_crops="900" />
		<crop id="5827" seedId="5657" mature_Id="5847" reward1="1873" reward2="4044" alternative="true" level="37" limit_seed="2250" limit_crops="225" />
		<crop id="5085" seedId="7021" mature_Id="5115" reward1="1869" reward2="4041" alternative="false" level="52" limit_seed="1013" limit_crops="1125" />
		<crop id="5833" seedId="7035" mature_Id="5853" reward1="1869" reward2="4041" alternative="true" level="52" limit_seed="2810" limit_crops="281" />
		<crop id="5087" seedId="7017" mature_Id="5117" reward1="1870" reward2="1882" alternative="false" level="55" limit_seed="810" limit_crops="900" />
		<crop id="5834" seedId="7031" mature_Id="5854" reward1="1870" reward2="1882" alternative="true" level="55" limit_seed="2250" limit_crops="225" />
		<crop id="5092" seedId="7057" mature_Id="5122" reward1="1871" reward2="4040" alternative="false" level="58" limit_seed="810" limit_crops="900" />
		<crop id="5835" seedId="7050" mature_Id="5855" reward1="1871" reward2="4040" alternative="true" level="58" limit_seed="2250" limit_crops="225" />
		<crop id="5094" seedId="7028" mature_Id="5124" reward1="1872" reward2="1881" alternative="false" level="61" limit_seed="540" limit_crops="600" />
		<crop id="5836" seedId="7042" mature_Id="5856" reward1="1872" reward2="1881" alternative="true" level="61" limit_seed="1500" limit_crops="150" />
		<crop id="5090" seedId="7023" mature_Id="5120" reward1="1873" reward2="5550" alternative="false" level="64" limit_seed="405" limit_crops="450" />
		<crop id="5837" seedId="7037" mature_Id="5857" reward1="1873" reward2="5550" alternative="true" level="64" limit_seed="1130" limit_crops="113" />
		<crop id="6541" seedId="6768" mature_Id="6555" reward1="1894" reward2="4039" alternative="false" level="67" limit_seed="324" limit_crops="360" />
		<crop id="6548" seedId="6742" mature_Id="6562" reward1="1894" reward2="4039" alternative="true" level="67" limit_seed="237" limit_crops="90" />
	</castle>
	<castle id="2">
		<crop id="5067" seedId="5024" mature_Id="5097" reward1="1867" reward2="1894" alternative="false" level="19" limit_seed="4199" limit_crops="4666" />
		<crop id="5821" seedId="5658" mature_Id="5841" reward1="1867" reward2="1894" alternative="true" level="19" limit_seed="11670" limit_crops="1167" />
		<crop id="5069" seedId="5025" mature_Id="5099" reward1="1868" reward2="1876" alternative="false" level="22" limit_seed="2101" limit_crops="2334" />
		<crop id="5822" seedId="5659" mature_Id="5842" reward1="1868" reward2="1876" alternative="true" level="22" limit_seed="5830" limit_crops="583" />
		<crop id="5071" seedId="5026" mature_Id="5101" reward1="1869" reward2="1895" alternative="false" level="25" limit_seed="1400" limit_crops="1555" />
		<crop id="5823" seedId="5660" mature_Id="5843" reward1="1869" reward2="1895" alternative="true" level="25" limit_seed="3890" limit_crops="389" />
		<crop id="5070" seedId="5027" mature_Id="5100" reward1="1870" reward2="1877" alternative="false" level="28" limit_seed="2101" limit_crops="2334" />
		<crop id="5824" seedId="5661" mature_Id="5844" reward1="1870" reward2="1877" alternative="true" level="28" limit_seed="5830" limit_crops="583" />
		<crop id="5078" seedId="5028" mature_Id="5108" reward1="1871" reward2="4042" alternative="false" level="31" limit_seed="2101" limit_crops="2334" />
		<crop id="5825" seedId="5662" mature_Id="5845" reward1="1871" reward2="4042" alternative="true" level="31" limit_seed="5830" limit_crops="583" />
		<crop id="5075" seedId="5029" mature_Id="5105" reward1="1872" reward2="1880" alternative="false" level="34" limit_seed="1679" limit_crops="1866" />
		<crop id="5826" seedId="5663" mature_Id="5846" reward1="1872" reward2="1880" alternative="true" level="34" limit_seed="4670" limit_crops="467" />
		<crop id="5077" seedId="7016" mature_Id="5107" reward1="1873" reward2="4044" alternative="false" level="37" limit_seed="841" limit_crops="934" />
		<crop id="5827" seedId="7030" mature_Id="5847" reward1="1873" reward2="4044" alternative="true" level="37" limit_seed="2330" limit_crops="233" />
		<crop id="5082" seedId="5030" mature_Id="5112" reward1="1864" reward2="5549" alternative="false" level="40" limit_seed="841" limit_crops="934" />
		<crop id="5828" seedId="5664" mature_Id="5848" reward1="1864" reward2="5549" alternative="true" level="40" limit_seed="2330" limit_crops="233" />
		<crop id="5079" seedId="5031" mature_Id="5109" reward1="1865" reward2="4039" alternative="false" level="43" limit_seed="841" limit_crops="934" />
		<crop id="5829" seedId="5665" mature_Id="5849" reward1="1865" reward2="4039" alternative="true" level="43" limit_seed="2330" limit_crops="233" />
		<crop id="5084" seedId="5032" mature_Id="5114" reward1="1866" reward2="1885" alternative="false" level="46" limit_seed="841" limit_crops="934" />
		<crop id="5830" seedId="5666" mature_Id="5850" reward1="1866" reward2="1885" alternative="true" level="46" limit_seed="2330" limit_crops="233" />
		<crop id="5088" seedId="7052" mature_Id="5118" reward1="1867" reward2="4043" alternative="false" level="49" limit_seed="1049" limit_crops="1166" />
		<crop id="5831" seedId="7045" mature_Id="5851" reward1="1867" reward2="4043" alternative="true" level="49" limit_seed="2920" limit_crops="292" />
		<crop id="5091" seedId="7054" mature_Id="5121" reward1="1868" reward2="1884" alternative="false" level="50" limit_seed="841" limit_crops="934" />
		<crop id="5832" seedId="7047" mature_Id="5852" reward1="1868" reward2="1884" alternative="true" level="50" limit_seed="2330" limit_crops="233" />
	</castle>
	<castle id="3">
		<crop id="5078" seedId="5033" mature_Id="5108" reward1="1871" reward2="4042" alternative="false" level="31" limit_seed="2250" limit_crops="2500" />
		<crop id="5825" seedId="5667" mature_Id="5845" reward1="1871" reward2="4042" alternative="true" level="31" limit_seed="6250" limit_crops="625" />
		<crop id="5075" seedId="5034" mature_Id="5105" reward1="1872" reward2="1880" alternative="false" level="34" limit_seed="1800" limit_crops="2000" />
		<crop id="5826" seedId="5668" mature_Id="5846" reward1="1872" reward2="1880" alternative="true" level="34" limit_seed="5000" limit_crops="500" />
		<crop id="5077" seedId="5035" mature_Id="5107" reward1="1873" reward2="4044" alternative="false" level="37" limit_seed="900" limit_crops="1000" />
		<crop id="5827" seedId="5669" mature_Id="5847" reward1="1873" reward2="4044" alternative="true" level="37" limit_seed="2500" limit_crops="250" />
		<crop id="5082" seedId="5036" mature_Id="5112" reward1="1864" reward2="5549" alternative="false" level="40" limit_seed="900" limit_crops="1000" />
		<crop id="5828" seedId="5670" mature_Id="5848" reward1="1864" reward2="5549" alternative="true" level="40" limit_seed="2500" limit_crops="250" />
		<crop id="5079" seedId="5037" mature_Id="5109" reward1="1865" reward2="4039" alternative="false" level="43" limit_seed="900" limit_crops="1000" />
		<crop id="5829" seedId="5671" mature_Id="5849" reward1="1865" reward2="4039" alternative="true" level="43" limit_seed="2500" limit_crops="250" />
		<crop id="5084" seedId="5038" mature_Id="5114" reward1="1866" reward2="1885" alternative="false" level="46" limit_seed="900" limit_crops="1000" />
		<crop id="5830" seedId="5672" mature_Id="5850" reward1="1866" reward2="1885" alternative="true" level="46" limit_seed="2500" limit_crops="250" />
		<crop id="5088" seedId="5039" mature_Id="5118" reward1="1867" reward2="4043" alternative="false" level="49" limit_seed="1125" limit_crops="1250" />
		<crop id="5831" seedId="5673" mature_Id="5851" reward1="1867" reward2="4043" alternative="true" level="49" limit_seed="3130" limit_crops="313" />
		<crop id="5091" seedId="7055" mature_Id="5121" reward1="1868" reward2="1884" alternative="false" level="50" limit_seed="900" limit_crops="1000" />
		<crop id="5832" seedId="7048" mature_Id="5852" reward1="1868" reward2="1884" alternative="true" level="50" limit_seed="2500" limit_crops="250" />
		<crop id="5085" seedId="7022" mature_Id="5115" reward1="1869" reward2="4041" alternative="false" level="52" limit_seed="1125" limit_crops="1250" />
		<crop id="5833" seedId="7036" mature_Id="5853" reward1="1869" reward2="4041" alternative="true" level="52" limit_seed="3130" limit_crops="313" />
		<crop id="5087" seedId="7018" mature_Id="5117" reward1="1870" reward2="1882" alternative="false" level="55" limit_seed="900" limit_crops="1000" />
		<crop id="5834" seedId="7032" mature_Id="5854" reward1="1870" reward2="1882" alternative="true" level="55" limit_seed="2500" limit_crops="250" />
		<crop id="5092" seedId="5040" mature_Id="5122" reward1="1871" reward2="4040" alternative="false" level="58" limit_seed="900" limit_crops="1000" />
		<crop id="5835" seedId="5674" mature_Id="5855" reward1="1871" reward2="4040" alternative="true" level="58" limit_seed="2500" limit_crops="250" />
		<crop id="5094" seedId="7029" mature_Id="5124" reward1="1872" reward2="1881" alternative="false" level="61" limit_seed="599" limit_crops="666" />
		<crop id="5836" seedId="7043" mature_Id="5856" reward1="1872" reward2="1881" alternative="true" level="61" limit_seed="1670" limit_crops="167" />
		<crop id="5090" seedId="5041" mature_Id="5120" reward1="1873" reward2="5550" alternative="false" level="64" limit_seed="450" limit_crops="500" />
		<crop id="5837" seedId="5675" mature_Id="5857" reward1="1873" reward2="5550" alternative="true" level="64" limit_seed="1250" limit_crops="125" />
		<crop id="6541" seedId="6769" mature_Id="6555" reward1="1894" reward2="4039" alternative="false" level="67" limit_seed="360" limit_crops="400" />
		<crop id="6548" seedId="6743" mature_Id="6562" reward1="1894" reward2="4039" alternative="true" level="67" limit_seed="263" limit_crops="100" />
		<crop id="6542" seedId="6757" mature_Id="6556" reward1="1888" reward2="4040" alternative="false" level="70" limit_seed="301" limit_crops="334" />
		<crop id="6549" seedId="6731" mature_Id="6563" reward1="1888" reward2="4040" alternative="true" level="70" limit_seed="218" limit_crops="83" />
		<crop id="6543" seedId="6773" mature_Id="6557" reward1="1887" reward2="4041" alternative="false" level="73" limit_seed="257" limit_crops="286" />
		<crop id="6550" seedId="6747" mature_Id="6564" reward1="1887" reward2="4041" alternative="true" level="73" limit_seed="187" limit_crops="71" />
	</castle>
	<castle id="4">
		<crop id="5073" seedId="5042" mature_Id="5103" reward1="1864" reward2="1878" alternative="false" level="10" limit_seed="7200" limit_crops="8000" />
		<crop id="5818" seedId="5676" mature_Id="5838" reward1="1864" reward2="1878" alternative="true" level="10" limit_seed="20000" limit_crops="2000" />
		<crop id="5068" seedId="5043" mature_Id="5098" reward1="1865" reward2="1879" alternative="false" level="13" limit_seed="7200" limit_crops="8000" />
		<crop id="5819" seedId="5677" mature_Id="5839" reward1="1865" reward2="1879" alternative="true" level="13" limit_seed="20000" limit_crops="2000" />
		<crop id="5065" seedId="7020" mature_Id="5095" reward1="1866" reward2="1874" alternative="false" level="16" limit_seed="7200" limit_crops="8000" />
		<crop id="5820" seedId="7034" mature_Id="5840" reward1="1866" reward2="1874" alternative="true" level="16" limit_seed="20000" limit_crops="2000" />
		<crop id="5067" seedId="5044" mature_Id="5097" reward1="1867" reward2="1894" alternative="false" level="19" limit_seed="3600" limit_crops="4000" />
		<crop id="5821" seedId="5678" mature_Id="5841" reward1="1867" reward2="1894" alternative="true" level="19" limit_seed="10000" limit_crops="1000" />
		<crop id="5069" seedId="7026" mature_Id="5099" reward1="1868" reward2="1876" alternative="false" level="22" limit_seed="1800" limit_crops="2000" />
		<crop id="5822" seedId="7040" mature_Id="5842" reward1="1868" reward2="1876" alternative="true" level="22" limit_seed="5000" limit_crops="500" />
		<crop id="5075" seedId="5046" mature_Id="5105" reward1="1872" reward2="1880" alternative="false" level="34" limit_seed="1440" limit_crops="1600" />
		<crop id="5826" seedId="5680" mature_Id="5846" reward1="1872" reward2="1880" alternative="true" level="34" limit_seed="4000" limit_crops="400" />
		<crop id="5077" seedId="5047" mature_Id="5107" reward1="1873" reward2="4044" alternative="false" level="37" limit_seed="720" limit_crops="800" />
		<crop id="5827" seedId="5681" mature_Id="5847" reward1="1873" reward2="4044" alternative="true" level="37" limit_seed="2000" limit_crops="200" />
		<crop id="5082" seedId="5048" mature_Id="5112" reward1="1864" reward2="5549" alternative="false" level="40" limit_seed="720" limit_crops="800" />
		<crop id="5828" seedId="5682" mature_Id="5848" reward1="1864" reward2="5549" alternative="true" level="40" limit_seed="2000" limit_crops="200" />
		<crop id="5079" seedId="7025" mature_Id="5109" reward1="1865" reward2="4039" alternative="false" level="43" limit_seed="720" limit_crops="800" />
		<crop id="5829" seedId="7039" mature_Id="5849" reward1="1865" reward2="4039" alternative="true" level="43" limit_seed="2000" limit_crops="200" />
		<crop id="5084" seedId="7027" mature_Id="5114" reward1="1866" reward2="1885" alternative="false" level="46" limit_seed="720" limit_crops="800" />
		<crop id="5830" seedId="7041" mature_Id="5850" reward1="1866" reward2="1885" alternative="true" level="46" limit_seed="2000" limit_crops="200" />
		<crop id="5088" seedId="7053" mature_Id="5118" reward1="1867" reward2="4043" alternative="false" level="49" limit_seed="900" limit_crops="1000" />
		<crop id="5831" seedId="7046" mature_Id="5851" reward1="1867" reward2="4043" alternative="true" level="49" limit_seed="2500" limit_crops="250" />
		<crop id="5091" seedId="5049" mature_Id="5121" reward1="1868" reward2="1884" alternative="false" level="50" limit_seed="720" limit_crops="800" />
		<crop id="5832" seedId="5683" mature_Id="5852" reward1="1868" reward2="1884" alternative="true" level="50" limit_seed="2000" limit_crops="200" />
		<crop id="5085" seedId="5050" mature_Id="5115" reward1="1869" reward2="4041" alternative="false" level="52" limit_seed="900" limit_crops="1000" />
		<crop id="5833" seedId="5684" mature_Id="5853" reward1="1869" reward2="4041" alternative="true" level="52" limit_seed="2500" limit_crops="250" />
		<crop id="5087" seedId="5051" mature_Id="5117" reward1="1870" reward2="1882" alternative="false" level="55" limit_seed="720" limit_crops="800" />
		<crop id="5834" seedId="5685" mature_Id="5854" reward1="1870" reward2="1882" alternative="true" level="55" limit_seed="2000" limit_crops="200" />
		<crop id="5092" seedId="5052" mature_Id="5122" reward1="1871" reward2="4040" alternative="false" level="58" limit_seed="720" limit_crops="800" />
		<crop id="5835" seedId="5686" mature_Id="5855" reward1="1871" reward2="4040" alternative="true" level="58" limit_seed="2000" limit_crops="200" />
		<crop id="6543" seedId="6774" mature_Id="6557" reward1="1887" reward2="4041" alternative="false" level="73" limit_seed="206" limit_crops="229" />
		<crop id="6550" seedId="6748" mature_Id="6564" reward1="1887" reward2="4041" alternative="true" level="73" limit_seed="150" limit_crops="57" />
		<crop id="6544" seedId="6762" mature_Id="6558" reward1="4043" reward2="1890" alternative="false" level="76" limit_seed="180" limit_crops="200" />
		<crop id="6551" seedId="6736" mature_Id="6565" reward1="4043" reward2="1890" alternative="true" level="76" limit_seed="132" limit_crops="50" />
		<crop id="6545" seedId="6754" mature_Id="6559" reward1="4044" reward2="4042" alternative="false" level="79" limit_seed="160" limit_crops="178" />
		<crop id="6552" seedId="6728" mature_Id="6566" reward1="4044" reward2="4042" alternative="true" level="79" limit_seed="116" limit_crops="44" />
		<crop id="6546" seedId="17087" mature_Id="6560" reward1="1885" reward2="1893" alternative="false" level="82" limit_seed="144" limit_crops="160" />
		<crop id="6553" seedId="17088" mature_Id="6567" reward1="1885" reward2="1893" alternative="true" level="82" limit_seed="105" limit_crops="40" />
	</castle>
	<castle id="5">
		<crop id="5082" seedId="5053" mature_Id="5112" reward1="1864" reward2="5549" alternative="false" level="40" limit_seed="1260" limit_crops="1400" />
		<crop id="5828" seedId="5687" mature_Id="5848" reward1="1864" reward2="5549" alternative="true" level="40" limit_seed="3500" limit_crops="350" />
		<crop id="5079" seedId="5054" mature_Id="5109" reward1="1865" reward2="4039" alternative="false" level="43" limit_seed="1260" limit_crops="1400" />
		<crop id="5829" seedId="5688" mature_Id="5849" reward1="1865" reward2="4039" alternative="true" level="43" limit_seed="3500" limit_crops="350" />
		<crop id="5084" seedId="5055" mature_Id="5114" reward1="1866" reward2="1885" alternative="false" level="46" limit_seed="1260" limit_crops="1400" />
		<crop id="5830" seedId="5689" mature_Id="5850" reward1="1866" reward2="1885" alternative="true" level="46" limit_seed="3500" limit_crops="350" />
		<crop id="5088" seedId="5056" mature_Id="5118" reward1="1867" reward2="4043" alternative="false" level="49" limit_seed="1575" limit_crops="1750" />
		<crop id="5831" seedId="5690" mature_Id="5851" reward1="1867" reward2="4043" alternative="true" level="49" limit_seed="4380" limit_crops="438" />
		<crop id="5091" seedId="7056" mature_Id="5121" reward1="1868" reward2="1884" alternative="false" level="50" limit_seed="1260" limit_crops="1400" />
		<crop id="5832" seedId="7049" mature_Id="5852" reward1="1868" reward2="1884" alternative="true" level="50" limit_seed="3500" limit_crops="350" />
		<crop id="5085" seedId="5057" mature_Id="5115" reward1="1869" reward2="4041" alternative="false" level="52" limit_seed="1575" limit_crops="1750" />
		<crop id="5833" seedId="5691" mature_Id="5853" reward1="1869" reward2="4041" alternative="true" level="52" limit_seed="4380" limit_crops="438" />
		<crop id="5087" seedId="5058" mature_Id="5117" reward1="1870" reward2="1882" alternative="false" level="55" limit_seed="1260" limit_crops="1400" />
		<crop id="5834" seedId="5692" mature_Id="5854" reward1="1870" reward2="1882" alternative="true" level="55" limit_seed="3500" limit_crops="350" />
		<crop id="5092" seedId="5059" mature_Id="5122" reward1="1871" reward2="4040" alternative="false" level="58" limit_seed="1260" limit_crops="1400" />
		<crop id="5835" seedId="5693" mature_Id="5855" reward1="1871" reward2="4040" alternative="true" level="58" limit_seed="3500" limit_crops="350" />
		<crop id="5094" seedId="5060" mature_Id="5124" reward1="1872" reward2="1881" alternative="false" level="61" limit_seed="841" limit_crops="934" />
		<crop id="5836" seedId="5694" mature_Id="5856" reward1="1872" reward2="1881" alternative="true" level="61" limit_seed="2330" limit_crops="233" />
		<crop id="5090" seedId="5061" mature_Id="5120" reward1="1873" reward2="5550" alternative="false" level="64" limit_seed="630" limit_crops="700" />
		<crop id="5837" seedId="5695" mature_Id="5857" reward1="1873" reward2="5550" alternative="true" level="64" limit_seed="1750" limit_crops="175" />
		<crop id="6541" seedId="6770" mature_Id="6555" reward1="1894" reward2="4039" alternative="false" level="67" limit_seed="504" limit_crops="560" />
		<crop id="6548" seedId="6744" mature_Id="6562" reward1="1894" reward2="4039" alternative="true" level="67" limit_seed="368" limit_crops="140" />
		<crop id="6542" seedId="6758" mature_Id="6556" reward1="1888" reward2="4040" alternative="false" level="70" limit_seed="419" limit_crops="466" />
		<crop id="6549" seedId="6732" mature_Id="6563" reward1="1888" reward2="4040" alternative="true" level="70" limit_seed="308" limit_crops="117" />
		<crop id="6543" seedId="6775" mature_Id="6557" reward1="1887" reward2="4041" alternative="false" level="73" limit_seed="360" limit_crops="400" />
		<crop id="6550" seedId="6749" mature_Id="6564" reward1="1887" reward2="4041" alternative="true" level="73" limit_seed="263" limit_crops="100" />
		<crop id="6544" seedId="6763" mature_Id="6558" reward1="4043" reward2="1890" alternative="false" level="76" limit_seed="315" limit_crops="350" />
		<crop id="6551" seedId="6737" mature_Id="6565" reward1="4043" reward2="1890" alternative="true" level="76" limit_seed="232" limit_crops="88" />
		<crop id="6545" seedId="6755" mature_Id="6559" reward1="4044" reward2="4042" alternative="false" level="79" limit_seed="280" limit_crops="311" />
		<crop id="6552" seedId="6729" mature_Id="6566" reward1="4044" reward2="4042" alternative="true" level="79" limit_seed="205" limit_crops="78" />
		<crop id="6546" seedId="15329" mature_Id="6560" reward1="1885" reward2="1893" alternative="false" level="82" limit_seed="252" limit_crops="280" />
		<crop id="6553" seedId="15336" mature_Id="6567" reward1="1885" reward2="1893" alternative="true" level="82" limit_seed="184" limit_crops="70" />
	</castle>
	<castle id="6">
		<crop id="5075" seedId="5221" mature_Id="5105" reward1="1872" reward2="1880" alternative="false" level="34" limit_seed="2160" limit_crops="2400" />
		<crop id="5826" seedId="5696" mature_Id="5846" reward1="1872" reward2="1880" alternative="true" level="34" limit_seed="6000" limit_crops="600" />
		<crop id="5077" seedId="5222" mature_Id="5107" reward1="1873" reward2="4044" alternative="false" level="37" limit_seed="1080" limit_crops="1200" />
		<crop id="5827" seedId="5697" mature_Id="5847" reward1="1873" reward2="4044" alternative="true" level="37" limit_seed="3000" limit_crops="300" />
		<crop id="5082" seedId="5223" mature_Id="5112" reward1="1864" reward2="5549" alternative="false" level="40" limit_seed="1080" limit_crops="1200" />
		<crop id="5828" seedId="5698" mature_Id="5848" reward1="1864" reward2="5549" alternative="true" level="40" limit_seed="3000" limit_crops="300" />
		<crop id="5079" seedId="5224" mature_Id="5109" reward1="1865" reward2="4039" alternative="false" level="43" limit_seed="1080" limit_crops="1200" />
		<crop id="5829" seedId="5699" mature_Id="5849" reward1="1865" reward2="4039" alternative="true" level="43" limit_seed="3000" limit_crops="300" />
		<crop id="5084" seedId="5225" mature_Id="5114" reward1="1866" reward2="1885" alternative="false" level="46" limit_seed="1080" limit_crops="1200" />
		<crop id="5830" seedId="5700" mature_Id="5850" reward1="1866" reward2="1885" alternative="true" level="46" limit_seed="3000" limit_crops="300" />
		<crop id="5088" seedId="5226" mature_Id="5118" reward1="1867" reward2="4043" alternative="false" level="49" limit_seed="1350" limit_crops="1500" />
		<crop id="5831" seedId="5701" mature_Id="5851" reward1="1867" reward2="4043" alternative="true" level="49" limit_seed="3750" limit_crops="375" />
		<crop id="5091" seedId="5227" mature_Id="5121" reward1="1868" reward2="1884" alternative="false" level="50" limit_seed="1080" limit_crops="1200" />
		<crop id="5832" seedId="5702" mature_Id="5852" reward1="1868" reward2="1884" alternative="true" level="50" limit_seed="3000" limit_crops="300" />
		<crop id="6542" seedId="6759" mature_Id="6556" reward1="1888" reward2="4040" alternative="false" level="70" limit_seed="360" limit_crops="400" />
		<crop id="6549" seedId="6733" mature_Id="6563" reward1="1888" reward2="4040" alternative="true" level="70" limit_seed="263" limit_crops="100" />
		<crop id="6543" seedId="6776" mature_Id="6557" reward1="1887" reward2="4041" alternative="false" level="73" limit_seed="309" limit_crops="343" />
		<crop id="6550" seedId="6750" mature_Id="6564" reward1="1887" reward2="4041" alternative="true" level="73" limit_seed="226" limit_crops="86" />
		<crop id="6544" seedId="6764" mature_Id="6558" reward1="4043" reward2="1890" alternative="false" level="76" limit_seed="270" limit_crops="300" />
		<crop id="6551" seedId="6738" mature_Id="6565" reward1="4043" reward2="1890" alternative="true" level="76" limit_seed="197" limit_crops="75" />
		<crop id="6545" seedId="15327" mature_Id="6559" reward1="4044" reward2="4042" alternative="false" level="79" limit_seed="239" limit_crops="266" />
		<crop id="6552" seedId="15334" mature_Id="6566" reward1="4044" reward2="4042" alternative="true" level="79" limit_seed="176" limit_crops="67" />
		<crop id="6546" seedId="15330" mature_Id="6560" reward1="1885" reward2="1893" alternative="false" level="82" limit_seed="216" limit_crops="240" />
		<crop id="6553" seedId="15337" mature_Id="6567" reward1="1885" reward2="1893" alternative="true" level="82" limit_seed="158" limit_crops="60" />
	</castle>
	<castle id="7">
		<crop id="5090" seedId="7024" mature_Id="5120" reward1="1873" reward2="5550" alternative="false" level="64" limit_seed="900" limit_crops="1000" />
		<crop id="5837" seedId="7038" mature_Id="5857" reward1="1873" reward2="5550" alternative="true" level="64" limit_seed="2500" limit_crops="250" />
		<crop id="6541" seedId="6771" mature_Id="6555" reward1="1894" reward2="4039" alternative="false" level="67" limit_seed="720" limit_crops="800" />
		<crop id="6548" seedId="6745" mature_Id="6562" reward1="1894" reward2="4039" alternative="true" level="67" limit_seed="526" limit_crops="200" />
		<crop id="6542" seedId="6760" mature_Id="6556" reward1="1888" reward2="4040" alternative="false" level="70" limit_seed="599" limit_crops="666" />
		<crop id="6549" seedId="6734" mature_Id="6563" reward1="1888" reward2="4040" alternative="true" level="70" limit_seed="439" limit_crops="167" />
		<crop id="6543" seedId="6777" mature_Id="6557" reward1="1887" reward2="4041" alternative="false" level="73" limit_seed="514" limit_crops="571" />
		<crop id="6550" seedId="6751" mature_Id="6564" reward1="1887" reward2="4041" alternative="true" level="73" limit_seed="376" limit_crops="143" />
		<crop id="6544" seedId="6765" mature_Id="6558" reward1="4043" reward2="1890" alternative="false" level="76" limit_seed="450" limit_crops="500" />
		<crop id="6551" seedId="6739" mature_Id="6565" reward1="4043" reward2="1890" alternative="true" level="76" limit_seed="329" limit_crops="125" />
		<crop id="6545" seedId="6756" mature_Id="6559" reward1="4044" reward2="4042" alternative="false" level="79" limit_seed="401" limit_crops="445" />
		<crop id="6552" seedId="6730" mature_Id="6566" reward1="4044" reward2="4042" alternative="true" level="79" limit_seed="292" limit_crops="111" />
		<crop id="6546" seedId="6767" mature_Id="6560" reward1="1885" reward2="1893" alternative="false" level="82" limit_seed="360" limit_crops="400" />
		<crop id="6553" seedId="6741" mature_Id="6567" reward1="1885" reward2="1893" alternative="true" level="82" limit_seed="263" limit_crops="100" />
		<crop id="6547" seedId="6753" mature_Id="6561" reward1="5549" reward2="5550" alternative="false" level="85" limit_seed="328" limit_crops="364" />
		<crop id="6554" seedId="6727" mature_Id="6568" reward1="5549" reward2="5550" alternative="true" level="85" limit_seed="239" limit_crops="91" />
	</castle>
	<castle id="8">
		<crop id="5092" seedId="8223" mature_Id="5122" reward1="1871" reward2="4040" alternative="false" level="58" limit_seed="2016" limit_crops="2240" />
		<crop id="5835" seedId="8230" mature_Id="5855" reward1="1871" reward2="4040" alternative="true" level="58" limit_seed="5600" limit_crops="560" />
		<crop id="5094" seedId="8224" mature_Id="5124" reward1="1872" reward2="1881" alternative="false" level="61" limit_seed="1345" limit_crops="1494" />
		<crop id="5836" seedId="8231" mature_Id="5856" reward1="1872" reward2="1881" alternative="true" level="61" limit_seed="3730" limit_crops="373" />
		<crop id="5090" seedId="8225" mature_Id="5120" reward1="1873" reward2="5550" alternative="false" level="64" limit_seed="1008" limit_crops="1120" />
		<crop id="5837" seedId="8232" mature_Id="5857" reward1="1873" reward2="5550" alternative="true" level="64" limit_seed="2800" limit_crops="280" />
		<crop id="6541" seedId="8226" mature_Id="6555" reward1="1894" reward2="4039" alternative="false" level="67" limit_seed="806" limit_crops="896" />
		<crop id="6548" seedId="8233" mature_Id="6562" reward1="1894" reward2="4039" alternative="true" level="67" limit_seed="589" limit_crops="224" />
		<crop id="6542" seedId="8227" mature_Id="6556" reward1="1888" reward2="4040" alternative="false" level="70" limit_seed="671" limit_crops="746" />
		<crop id="6549" seedId="8234" mature_Id="6563" reward1="1888" reward2="4040" alternative="true" level="70" limit_seed="492" limit_crops="187" />
		<crop id="6543" seedId="8228" mature_Id="6557" reward1="1887" reward2="4041" alternative="false" level="73" limit_seed="576" limit_crops="640" />
		<crop id="6550" seedId="8235" mature_Id="6564" reward1="1887" reward2="4041" alternative="true" level="73" limit_seed="421" limit_crops="160" />
		<crop id="6544" seedId="8229" mature_Id="6558" reward1="4043" reward2="1890" alternative="false" level="76" limit_seed="504" limit_crops="560" />
		<crop id="6551" seedId="8236" mature_Id="6565" reward1="4043" reward2="1890" alternative="true" level="76" limit_seed="368" limit_crops="140" />
		<crop id="6545" seedId="8521" mature_Id="6559" reward1="4044" reward2="4042" alternative="false" level="79" limit_seed="448" limit_crops="498" />
		<crop id="6552" seedId="8522" mature_Id="6566" reward1="4044" reward2="4042" alternative="true" level="79" limit_seed="326" limit_crops="124" />
		<crop id="6546" seedId="15331" mature_Id="6560" reward1="1885" reward2="1893" alternative="false" level="82" limit_seed="403" limit_crops="448" />
		<crop id="6553" seedId="15338" mature_Id="6567" reward1="1885" reward2="1893" alternative="true" level="82" limit_seed="295" limit_crops="112" />
		<crop id="6547" seedId="15333" mature_Id="6561" reward1="5549" reward2="5550" alternative="false" level="85" limit_seed="366" limit_crops="407" />
		<crop id="6554" seedId="15340" mature_Id="6568" reward1="5549" reward2="5550" alternative="true" level="85" limit_seed="268" limit_crops="102" />
	</castle>
	<castle id="9">
		<crop id="5073" seedId="8237" mature_Id="5103" reward1="1864" reward2="1878" alternative="false" level="10" limit_seed="7200" limit_crops="8000" />
		<crop id="5818" seedId="8255" mature_Id="5838" reward1="1864" reward2="1878" alternative="true" level="10" limit_seed="20000" limit_crops="2000" />
		<crop id="5068" seedId="8238" mature_Id="5098" reward1="1865" reward2="1879" alternative="false" level="13" limit_seed="7200" limit_crops="8000" />
		<crop id="5819" seedId="8256" mature_Id="5839" reward1="1865" reward2="1879" alternative="true" level="13" limit_seed="20000" limit_crops="2000" />
		<crop id="5065" seedId="8239" mature_Id="5095" reward1="1866" reward2="1874" alternative="false" level="16" limit_seed="7200" limit_crops="8000" />
		<crop id="5820" seedId="8257" mature_Id="5840" reward1="1866" reward2="1874" alternative="true" level="16" limit_seed="20000" limit_crops="2000" />
		<crop id="5067" seedId="8240" mature_Id="5097" reward1="1867" reward2="1894" alternative="false" level="19" limit_seed="3600" limit_crops="4000" />
		<crop id="5821" seedId="8258" mature_Id="5841" reward1="1867" reward2="1894" alternative="true" level="19" limit_seed="10000" limit_crops="1000" />
		<crop id="5069" seedId="8241" mature_Id="5099" reward1="1868" reward2="1876" alternative="false" level="22" limit_seed="1800" limit_crops="2000" />
		<crop id="5822" seedId="8259" mature_Id="5842" reward1="1868" reward2="1876" alternative="true" level="22" limit_seed="5000" limit_crops="500" />
		<crop id="5071" seedId="8242" mature_Id="5101" reward1="1869" reward2="1895" alternative="false" level="25" limit_seed="1201" limit_crops="1334" />
		<crop id="5823" seedId="8260" mature_Id="5843" reward1="1869" reward2="1895" alternative="true" level="25" limit_seed="3330" limit_crops="333" />
		<crop id="5070" seedId="8243" mature_Id="5100" reward1="1870" reward2="1877" alternative="false" level="28" limit_seed="1800" limit_crops="2000" />
		<crop id="5824" seedId="8261" mature_Id="5844" reward1="1870" reward2="1877" alternative="true" level="28" limit_seed="5000" limit_crops="500" />
		<crop id="5078" seedId="8244" mature_Id="5108" reward1="1871" reward2="4042" alternative="false" level="31" limit_seed="1800" limit_crops="2000" />
		<crop id="5825" seedId="8262" mature_Id="5845" reward1="1871" reward2="4042" alternative="true" level="31" limit_seed="5000" limit_crops="500" />
		<crop id="5075" seedId="8245" mature_Id="5105" reward1="1872" reward2="1880" alternative="false" level="34" limit_seed="1440" limit_crops="1600" />
		<crop id="5826" seedId="8263" mature_Id="5846" reward1="1872" reward2="1880" alternative="true" level="34" limit_seed="4000" limit_crops="400" />
		<crop id="5077" seedId="8246" mature_Id="5107" reward1="1873" reward2="4044" alternative="false" level="37" limit_seed="720" limit_crops="800" />
		<crop id="5827" seedId="8264" mature_Id="5847" reward1="1873" reward2="4044" alternative="true" level="37" limit_seed="2000" limit_crops="200" />
		<crop id="5082" seedId="8247" mature_Id="5112" reward1="1864" reward2="5549" alternative="false" level="40" limit_seed="720" limit_crops="800" />
		<crop id="5828" seedId="8265" mature_Id="5848" reward1="1864" reward2="5549" alternative="true" level="40" limit_seed="2000" limit_crops="200" />
		<crop id="5079" seedId="8248" mature_Id="5109" reward1="1865" reward2="4039" alternative="false" level="43" limit_seed="720" limit_crops="800" />
		<crop id="5829" seedId="8266" mature_Id="5849" reward1="1865" reward2="4039" alternative="true" level="43" limit_seed="2000" limit_crops="200" />
		<crop id="5084" seedId="8249" mature_Id="5114" reward1="1866" reward2="1885" alternative="false" level="46" limit_seed="720" limit_crops="800" />
		<crop id="5830" seedId="8267" mature_Id="5850" reward1="1866" reward2="1885" alternative="true" level="46" limit_seed="2000" limit_crops="200" />
		<crop id="5088" seedId="8250" mature_Id="5118" reward1="1867" reward2="4043" alternative="false" level="49" limit_seed="900" limit_crops="1000" />
		<crop id="5831" seedId="8268" mature_Id="5851" reward1="1867" reward2="4043" alternative="true" level="49" limit_seed="2500" limit_crops="250" />
		<crop id="5091" seedId="8251" mature_Id="5121" reward1="1868" reward2="1884" alternative="false" level="50" limit_seed="720" limit_crops="800" />
		<crop id="5832" seedId="8269" mature_Id="5852" reward1="1868" reward2="1884" alternative="true" level="50" limit_seed="2000" limit_crops="200" />
		<crop id="5085" seedId="8252" mature_Id="5115" reward1="1869" reward2="4041" alternative="false" level="52" limit_seed="900" limit_crops="1000" />
		<crop id="5833" seedId="8270" mature_Id="5853" reward1="1869" reward2="4041" alternative="true" level="52" limit_seed="2500" limit_crops="250" />
		<crop id="5087" seedId="8253" mature_Id="5117" reward1="1870" reward2="1882" alternative="false" level="55" limit_seed="720" limit_crops="800" />
		<crop id="5834" seedId="8271" mature_Id="5854" reward1="1870" reward2="1882" alternative="true" level="55" limit_seed="2000" limit_crops="200" />
		<crop id="5092" seedId="8254" mature_Id="5122" reward1="1871" reward2="4040" alternative="false" level="58" limit_seed="720" limit_crops="800" />
		<crop id="5835" seedId="8272" mature_Id="5855" reward1="1871" reward2="4040" alternative="true" level="58" limit_seed="2000" limit_crops="200" />
		<crop id="6545" seedId="15328" mature_Id="6559" reward1="4044" reward2="4042" alternative="false" level="79" limit_seed="160" limit_crops="178" />
		<crop id="6552" seedId="15335" mature_Id="6566" reward1="4044" reward2="4042" alternative="true" level="79" limit_seed="116" limit_crops="44" />
		<crop id="6546" seedId="15332" mature_Id="6560" reward1="1885" reward2="1893" alternative="false" level="82" limit_seed="144" limit_crops="160" />
		<crop id="6553" seedId="15339" mature_Id="6567" reward1="1885" reward2="1893" alternative="true" level="82" limit_seed="105" limit_crops="40" />
	</castle>
</list>