<?xml version="1.0" encoding="UTF-8"?>
<list xmlns:xsi="http://www.w3.org/2001/XMLSchema-instance" xsi:noNamespaceSchemaLocation="xsd/SellBuffData.xsd">
	<!-- ISS Buffs -->
	<skill id="11517"/> <!-- Horn Melody -->
	<skill id="11518"/> <!-- Drum Melody -->
	<skill id="11519"/> <!-- Pipe Organ Melody -->
	<skill id="11520"/> <!-- Guitar Melody -->
	<skill id="11521"/> <!-- Harp Melody -->
	<skill id="11522"/> <!-- Lute Melody -->
	<skill id="11565"/> <!-- Elemental Resistance -->
	<skill id="11566"/> <!-- Holy Attack Resistance -->
	<skill id="11567"/> <!-- Mental Attack Resistance -->
	<skill id="11523"/> <!-- Knight's Harmony -->
	<skill id="11524"/> <!-- Warrior's Harmony -->
	<skill id="11525"/> <!-- Wizard's Harmony -->
	<skill id="11529"/> <!-- Prevailing Sonata -->
	<skill id="11530"/> <!-- Daring Sonata -->
	<skill id="11532"/> <!-- Refreshing Sonata -->
	<skill id="11607"/> <!-- Prevailing Song -->
	<skill id="11608"/> <!-- Daring Song -->
	<skill id="11609"/> <!-- Refreshing Song -->
	<skill id="11610"/> <!-- Prevailing Dance -->
	<skill id="11611"/> <!-- Daring Dance -->
	<skill id="11612"/> <!-- Refreshing Dance -->
	<!-- Old Buffs -->
	<skill id="1232"/> <!-- Blazing Skin -->
	<skill id="1003"/> <!-- Pa'agrian Gift -->
	<skill id="1005"/> <!-- Blessings of Pa'agrio -->
	<skill id="1250"/> <!-- Shield of Pa'agrio -->
	<skill id="1008"/> <!-- The Glory of Pa'agrio -->
	<skill id="1260"/> <!-- The Tact of Pa'agrio -->
	<skill id="1004"/> <!-- The Wisdom of Pa'agrio -->
	<skill id="1261"/> <!-- Rage of Pa'agrio -->
	<skill id="1249"/> <!-- The Vision of Pa'agrio -->
	<skill id="1563"/> <!-- Fury of Pa'agrio -->
	<skill id="1282"/> <!-- Pa'agrian Haste -->
	<skill id="1536"/> <!-- Combat of Pa'agrio -->
	<skill id="1538"/> <!-- Condition of Pa'agrio -->
	<skill id="1537"/> <!-- Critical of Pa'agrio -->
	<skill id="1364"/> <!-- Eye of Pa'agrio -->
	<skill id="1365"/> <!-- Soul of Pa'agrio -->
	<skill id="1415"/> <!-- Pa'agrio's Emblem -->
	<skill id="1416"/> <!-- Pa'agrio's Fist -->
	<skill id="1414"/> <!-- Victory of Pa'agrio -->
	<skill id="1006"/> <!-- Chant of Fire -->
	<skill id="1009"/> <!-- Chant of Shielding -->
	<skill id="1007"/> <!-- Chant of Battle -->
	<skill id="1002"/> <!-- Flame Chant -->
	<skill id="1252"/> <!-- Chant of Evasion -->
	<skill id="1308"/> <!-- Chant of Predator -->
	<skill id="1253"/> <!-- Chant of Rage -->
	<skill id="1562"/> <!-- Chant of Berserker -->
	<skill id="1309"/> <!-- Chant of Eagle -->
	<skill id="1251"/> <!-- Chant of Fury -->
	<skill id="1391"/> <!-- Earth Chant -->
	<skill id="1390"/> <!-- War Chant -->
	<skill id="1284"/> <!-- Chant of Revenge -->
	<skill id="1535"/> <!-- Chant of Movement -->
	<skill id="1310"/> <!-- Chant of Vampire -->
	<skill id="1519"/> <!-- Chant of Blood Awakening -->
	<skill id="1549"/> <!-- Chant of Elements -->
	<skill id="1362"/> <!-- Chant of Spirit -->
	<skill id="1363"/> <!-- Chant of Victory -->
	<skill id="1413"/> <!-- Magnus' Chant -->
	<skill id="1461"/> <!-- Chant of Protection -->
	<skill id="1078"/> <!-- Concentration -->
	<skill id="1068"/> <!-- Might -->
	<skill id="1040"/> <!-- Shield -->
	<skill id="1035"/> <!-- Mental Shield -->
	<skill id="1043"/> <!-- Holy Weapon -->
	<skill id="1243"/> <!-- Bless Shield -->
	<skill id="1304"/> <!-- Advanced Block -->
	<skill id="1259"/> <!-- Resist Shock -->
	<skill id="1397"/> <!-- Clarity -->
	<skill id="1504"/> <!-- Improved Movement -->
	<skill id="1503"/> <!-- Improved Shield Defense -->
	<skill id="1303"/> <!-- Wild Magic -->
	<skill id="1393"/> <!-- Resist Dark -->
	<skill id="1033"/> <!-- Resist Poison -->
	<skill id="1044"/> <!-- Regeneration -->
	<skill id="1257"/> <!-- Decrease Weight -->
	<skill id="1087"/> <!-- Agility -->
	<skill id="1204"/> <!-- Wind Walk -->
	<skill id="1073"/> <!-- Kiss of Eva -->
	<skill id="1354"/> <!-- Arcane Protection -->
	<skill id="1353"/> <!-- Divine Protection -->
	<skill id="1460"/> <!-- Mana Gain -->
	<skill id="1355"/> <!-- Prophecy of Water -->
	<skill id="1501"/> <!-- Improved Condition -->
	<skill id="1499"/> <!-- Improved Combat -->
	<skill id="1242"/> <!-- Death Whisper -->
	<skill id="1045"/> <!-- Bless the Body -->
	<skill id="1048"/> <!-- Bless the Soul -->
	<skill id="1388"/> <!-- Greater Might -->
	<skill id="1389"/> <!-- Greater Shield -->
	<skill id="1392"/> <!-- Resist Holy -->
	<skill id="1182"/> <!-- Resist Aqua -->
	<skill id="1189"/> <!-- Resist Wind -->
	<skill id="1548"/> <!-- Resist Earth -->
	<skill id="1191"/> <!-- Resist Fire -->
	<skill id="1036"/> <!-- Magic Barrier -->
	<skill id="1077"/> <!-- Focus -->
	<skill id="1086"/> <!-- Haste -->
	<skill id="1062"/> <!-- Berserker Spirit -->
	<skill id="1085"/> <!-- Acumen -->
	<skill id="1240"/> <!-- Guidance -->
	<skill id="1032"/> <!-- Invigor -->
	<skill id="1352"/> <!-- Elemental Protection -->
	<skill id="1542"/> <!-- Counter Critical -->
	<skill id="1356"/> <!-- Prophecy of Fire -->
	<skill id="828"/> <!-- Case Harden -->
	<skill id="830"/> <!-- Embroider -->
	<skill id="829"/> <!-- Hard Tanning -->
	<skill id="827"/> <!-- Restring -->
	<skill id="825"/> <!-- Sharp Edge -->
	<skill id="826"/> <!-- Spike -->
	<skill id="1238"/> <!-- Freezing Skin -->
	<skill id="1059"/> <!-- Empower -->
	<skill id="1268"/> <!-- Vampiric Rage -->
	<skill id="1502"/> <!-- Improved Critical Attack -->
	<skill id="1500"/> <!-- Improved Magic -->
	<skill id="1357"/> <!-- Prophecy of Wind -->
	<skill id="307"/> <!-- Dance of Aqua Guard -->
	<skill id="309"/> <!-- Dance of Earth Guard -->
	<skill id="311"/> <!-- Dance of Protection -->
	<skill id="276"/> <!-- Dance of Concentration -->
	<skill id="273"/> <!-- Dance of the Mystic -->
	<skill id="274"/> <!-- Dance of Fire -->
	<skill id="275"/> <!-- Dance of Fury -->
	<skill id="272"/> <!-- Dance of Inspiration -->
	<skill id="277"/> <!-- Dance of Light -->
	<skill id="310"/> <!-- Dance of the Vampire -->
	<skill id="271"/> <!-- Dance of the Warrior -->
	<skill id="365"/> <!-- Dance of Siren -->
	<skill id="530"/> <!-- Dance of Alignment -->
	<skill id="915"/> <!-- Dance of Berserker -->
	<skill id="264"/> <!-- Song of Earth -->
	<skill id="306"/> <!-- Song of Flame Guard -->
	<skill id="269"/> <!-- Song of Hunter -->
	<skill id="270"/> <!-- Song of Invocation -->
	<skill id="265"/> <!-- Song of Life -->
	<skill id="308"/> <!-- Song of Storm Guard -->
	<skill id="305"/> <!-- Song of Vengeance -->
	<skill id="304"/> <!-- Song of Vitality -->
	<skill id="267"/> <!-- Song of Warding -->
	<skill id="266"/> <!-- Song of Water -->
	<skill id="268"/> <!-- Song of Wind -->
	<skill id="364"/> <!-- Song of Champion -->
	<skill id="363"/> <!-- Song of Meditation -->
	<skill id="349"/> <!-- Song of Renewal -->
	<skill id="529"/> <!-- Song of Elemental -->
	<skill id="914"/> <!-- Song of Purification -->
	<skill id="764"/> <!-- Song of Wind Storm -->
</list>