<?xml version="1.0" encoding="UTF-8"?>
<list xmlns:xsi="http://www.w3.org/2001/XMLSchema-instance" xsi:noNamespaceSchemaLocation="../xsd/buylist.xsd">
	<npcs>
		<npc>30088</npc> <!-- Radia -->
	</npcs>
	<item id="412" price="13970" />	<!-- Cotton Pants -->
	<item id="390" price="22330" />	<!-- Cotton Shirt -->
	<item id="24" price="22330" />	<!-- Bone Breastplate -->
	<item id="31" price="13970" />	<!-- Bone Gaiters -->
	<item id="102" price="7821" />	<!-- Round Shield -->
	<item id="50" price="7447" />	<!-- Leather Gloves -->
	<item id="38" price="7447" />	<!-- Low Boots -->
	<item id="44" price="11220" />	<!-- Leather Helmet -->
	<item id="25" price="34980" />	<!-- Piece Bone Breastplate -->
	<item id="32" price="21890" />	<!-- Piece Bone Gaiters -->
	<item id="26" price="54120" />	<!-- Bronze Breastplate -->
	<item id="33" price="25300" />	<!-- Durable Leather Gaiters -->
	<item id="27" price="40590" />	<!-- Durable Leather Shirt -->
	<item id="34" price="33770" />	<!-- Bronze Gaiters -->
	<item id="625" price="14190" />	<!-- Bone Shield -->
	<item id="51" price="13530" />	<!-- Bracer -->
	<item id="39" price="13530" />	<!-- Boots -->
	<item id="1148" price="20240" />	<!-- Durable Leather Helmet -->
	<item id="413" price="43010" />	<!-- Puma Skin Gaiters -->
	<item id="347" price="91850" />	<!-- Ring Breastplate -->
	<item id="391" price="68860" />	<!-- Puma Skin Shirt -->
	<item id="376" price="57420" />	<!-- Iron Plate Gaiters -->
	<item id="626" price="24090" />	<!-- Bronze Shield -->
	<item id="604" price="22990" />	<!-- Quality Leather Gloves -->
	<item id="40" price="22990" />	<!-- Leather Boots -->
	<item id="45" price="34430" />	<!-- Bone Helmet -->
	<item id="414" price="68750" />	<!-- Lion Skin Gaiters -->
	<item id="392" price="109890" />	<!-- Lion Skin Shirt -->
	<item id="348" price="146300" />	<!-- Scale Mail -->
	<item id="377" price="91630" />	<!-- Scale Gaiters -->
	<item id="627" price="38500" />	<!-- Aspis -->
	<item id="605" price="36630" />	<!-- Leather Gauntlets -->
	<item id="1123" price="36630" />	<!-- Blue Buckskin Boots -->
	<item id="46" price="55000" />	<!-- Bronze Helmet -->
	<item id="349" price="201300" />	<!-- Compound Scale Mail -->
	<item id="350" price="201300" />	<!-- Dwarven Scale Mail -->
	<item id="58" price="201300" />	<!-- Mithril Breastplate -->
	<item id="59" price="139700" />	<!-- Mithril Gaiters -->
	<item id="416" price="104720" />	<!-- Reinforced Leather Gaiters -->
	<item id="351" price="223300" />	<!-- Breastplate -->
	<item id="378" price="139700" />	<!-- Compound Scale Gaiters -->
	<item id="379" price="139700" />	<!-- Dwarven Scale Gaiters -->
	<item id="415" price="167200" />	<!-- Mithril Banded Mail -->
	<item id="393" price="104720" />	<!-- Mithril Banded Gaiters -->
	<item id="394" price="167200" />	<!-- Reinforced Leather Shirt -->
	<item id="628" price="58630" />	<!-- Hoplon -->
	<item id="63" price="55880" />	<!-- Gauntlets -->
	<item id="2446" price="55880" />	<!-- Reinforced Leather Gloves -->
	<item id="553" price="55880" />	<!-- Iron Boots -->
	<item id="2422" price="55880" />	<!-- Reinforced Leather Boots -->
	<item id="47" price="83820" />	<!-- Helmet -->
	<item id="2378" price="205700" />	<!-- Brigandine Gaiters -->
	<item id="352" price="328900" />	<!-- Brigandine -->
	<item id="395" price="246400" />	<!-- Manticore Skin Shirt -->
	<item id="417" price="154000" />	<!-- Manticore Skin Gaiters -->
	<item id="2377" price="205700" />	<!-- Mithril Scale Gaiters -->
	<item id="629" price="86240" />	<!-- Kite Shield -->
	<item id="2493" price="86240" />	<!-- Brigandine Shield -->
	<item id="606" price="82170" />	<!-- Rip Gauntlets -->
	<item id="2448" price="82170" />	<!-- Manticore Skin Gloves -->
	<item id="2449" price="82170" />	<!-- Brigandine Gauntlets -->
	<item id="1124" price="82170" />	<!-- Boots of Strength -->
	<item id="2424" price="82170" />	<!-- Manticore Skin Boots -->
	<item id="2425" price="82170" />	<!-- Brigandine Boots -->
</list>