<?xml version="1.0" encoding="UTF-8"?>
<list xmlns:xsi="http://www.w3.org/2001/XMLSchema-instance" xsi:noNamespaceSchemaLocation="../xsd/buylist.xsd">
	<npcs>
		<npc>30094</npc> <!-- Gentler -->
	</npcs>
	<item id="1104" price="13970" /> <!-- Stockings of Devotion -->
	<item id="1101" price="22330" /> <!-- Tunic of Devotion -->
	<item id="102" price="7821" /> <!-- Round Shield -->
	<item id="50" price="7447" /> <!-- Leather Gloves -->
	<item id="38" price="7447" /> <!-- Low Boots -->
	<item id="44" price="11220" /> <!-- Leather Helm -->
	<item id="1105" price="25300" /> <!-- Stockings of Magic -->
	<item id="1102" price="40590" /> <!-- Tunic of Magic -->
	<item id="625" price="14190" /> <!-- Bone Shield -->
	<item id="51" price="13530" /> <!-- Bracer  -->
	<item id="39" price="13530" /> <!-- Boots  -->
	<item id="1148" price="20240" /> <!-- Durable Leather Helmet -->
	<item id="465" price="43010" /> <!-- Crused Stockings  -->
	<item id="432" price="68860" /> <!-- Crused Tunic  -->
	<item id="626" price="24090" /> <!-- Bronze Shield -->
	<item id="604" price="22990" /> <!-- Quality Leather Gloves -->
	<item id="40" price="22990" /> <!-- Leather Boots -->
	<item id="45" price="34430" /> <!-- Bone Helmet -->
	<item id="467" price="68750" /> <!-- Dark Stockings -->
	<item id="434" price="109890" /> <!-- White Tunic  -->
	<item id="468" price="68750" /> <!-- Wizard Stockings  -->
	<item id="435" price="109890" /> <!-- Wizard Tunic  -->
	<item id="627" price="38500" /> <!-- Aspis -->
	<item id="605" price="36630" /> <!-- Leather Gauntlets -->
	<item id="1123" price="36630" /> <!-- Blue Buckskin Boots -->
	<item id="46" price="55000" /> <!-- Bronze Helmet -->
	<item id="469" price="104720" /> <!-- Stockings of Knowledge -->
	<item id="436" price="167200" /> <!-- Tunic of Knowledge -->
	<item id="628" price="58630" /> <!-- Hoplon -->
	<item id="63" price="55880" /> <!-- Gauntlets -->
	<item id="2447" price="55880" /> <!-- Gloves of Knowledge -->
	<item id="553" price="55880" /> <!-- Iron Boots -->
	<item id="2423" price="55880" /> <!-- Boots of Knowledge -->
	<item id="47" price="83820" /> <!-- Helmet -->
	<item id="470" price="154000" /> <!-- Mithril Stockings -->
	<item id="437" price="246400" /> <!-- Mithril Tunic -->
	<item id="629" price="86240" /> <!-- Kite Shield -->
	<item id="2493" price="86240" /> <!-- Brigandine Shield -->
	<item id="606" price="82170" /> <!-- Rip Gauntlets -->
	<item id="1124" price="82170" /> <!-- Boots of Strength -->
	<item id="2426" price="82170" /> <!-- Elven Mithril Boots -->
</list>