<?xml version="1.0" encoding="UTF-8"?>
<list xmlns:xsi="http://www.w3.org/2001/XMLSchema-instance" xsi:noNamespaceSchemaLocation="../xsd/buylist.xsd">
	<npcs>
		<npc>30093</npc> <!-- Groot -->
	</npcs>
	<item id="49863" price="22000" /> <!-- Best Dye of STR <STR + 1 CON -3> (3rd Class tranfer)-->
	<item id="49864" price="22000" /> <!-- Best Dye of STR <STR + 1 DEX -3> (3rd Class tranfer)-->
	<item id="49865" price="22000" /> <!-- Best Dye of CON <CON + 1 STR -3> (3rd Class tranfer)-->
	<item id="49866" price="22000" /> <!-- Best Dye of CON <CON + 1 DEX -3> (3rd Class tranfer)-->
	<item id="49867" price="22000" /> <!-- Best Dye of DEX <DEX + 1 STR -3> (3rd Class tranfer)-->
	<item id="49868" price="22000" /> <!-- Best Dye of DEX <DEX + 1 CON -3> (3rd Class tranfer)-->
	<item id="49869" price="22000" /> <!-- Best Dye of INT <INT + 1 MEN -3> (3rd Class tranfer)-->
	<item id="49870" price="22000" /> <!-- Best Dye of INT <INT + 1 WIT -3> (3rd Class tranfer)-->
	<item id="49871" price="22000" /> <!-- Best Dye of MEN <MEN + 1 INT -3> (3rd Class tranfer)-->
	<item id="49872" price="22000" /> <!-- Best Dye of MEN <MEN + 1 WIT -3> (3rd Class tranfer)-->
	<item id="49873" price="22000" /> <!-- Best Dye of WIT <WIT + 1 INT -3> (3rd Class tranfer)-->
	<item id="49874" price="22000" /> <!-- Best Dye of WIT <WIT + 1 MEN -3> (3rd Class tranfer)-->
	<item id="49875" price="33000" /> <!-- Best Dye of STR <STR + 1 CON -2> (3rd Class tranfer)-->
	<item id="49876" price="33000" /> <!-- Best Dye of STR <STR + 1 DEX -2> (3rd Class tranfer)-->
	<item id="49877" price="33000" /> <!-- Best Dye of CON <CON + 1 STR -2> (3rd Class tranfer)-->
	<item id="49878" price="33000" /> <!-- Best Dye of CON <CON + 1 DEX -2> (3rd Class tranfer)-->
	<item id="49879" price="33000" /> <!-- Best Dye of DEX <DEX + 1 STR -2> (3rd Class tranfer)-->
	<item id="49880" price="33000" /> <!-- Best Dye of DEX <DEX + 1 CON -2> (3rd Class tranfer)-->
	<item id="49881" price="33000" /> <!-- Best Dye of INT <INT + 1 MEN -2> (3rd Class tranfer)-->
	<item id="49882" price="33000" /> <!-- Best Dye of INT <INT + 1 WIT -2> (3rd Class tranfer)-->
	<item id="49883" price="33000" /> <!-- Best Dye of MEN <MEN + 1 INT -2> (3rd Class tranfer)-->
	<item id="49884" price="33000" /> <!-- Best Dye of MEN <MEN + 1 WIT -2> (3rd Class tranfer)-->
	<item id="49885" price="33000" /> <!-- Best Dye of WIT <WIT + 1 INT -2> (3rd Class tranfer)-->
	<item id="49886" price="33000" /> <!-- Best Dye of WIT <WIT + 1 MEN -2> (3rd Class tranfer)-->
	<item id="49899" price="66000" /> <!-- Best Dye of STR <STR + 2 CON -3> (3rd Class tranfer)-->
	<item id="49900" price="66000" /> <!-- Best Dye of STR <STR + 2 DEX -3> (3rd Class tranfer)-->
	<item id="49901" price="66000" /> <!-- Best Dye of CON <CON + 2 STR -3> (3rd Class tranfer)-->
	<item id="49902" price="66000" /> <!-- Best Dye of CON <CON + 2 DEX -3> (3rd Class tranfer)-->
	<item id="49903" price="66000" /> <!-- Best Dye of DEX <DEX + 2 STR -3> (3rd Class tranfer)-->
	<item id="49904" price="66000" /> <!-- Best Dye of DEX <DEX + 2 CON -3> (3rd Class tranfer)-->
	<item id="49905" price="66000" /> <!-- Best Dye of INT <INT + 2 MEN -3> (3rd Class tranfer)-->
	<item id="49906" price="66000" /> <!-- Best Dye of INT <INT + 2 WIT -3> (3rd Class tranfer)-->
	<item id="49907" price="66000" /> <!-- Best Dye of MEN <MEN + 2 INT -3> (3rd Class tranfer)-->
	<item id="49908" price="66000" /> <!-- Best Dye of MEN <MEN + 2 WIT -3> (3rd Class tranfer)-->
	<item id="49909" price="66000" /> <!-- Best Dye of WIT <WIT + 2 INT -3> (3rd Class tranfer)-->
	<item id="49910" price="66000" /> <!-- Best Dye of WIT <WIT + 2 MEN -3> (3rd Class tranfer)-->
	<item id="49911" price="99000" /> <!-- Best Dye of STR <STR + 2 CON -2> (3rd Class tranfer)-->
	<item id="49912" price="99000" /> <!-- Best Dye of STR <STR + 2 DEX -2> (3rd Class tranfer)-->
	<item id="49913" price="99000" /> <!-- Best Dye of CON <CON + 2 STR -2> (3rd Class tranfer)-->
	<item id="49914" price="99000" /> <!-- Best Dye of CON <CON + 2 DEX -2> (3rd Class tranfer)-->
	<item id="49915" price="99000" /> <!-- Best Dye of DEX <DEX + 2 STR -2> (3rd Class tranfer)-->
	<item id="49916" price="99000" /> <!-- Best Dye of DEX <DEX + 2 CON -2> (3rd Class tranfer)-->
	<item id="49917" price="99000" /> <!-- Best Dye of INT <INT + 2 MEN -2> (3rd Class tranfer)-->
	<item id="49918" price="99000" /> <!-- Best Dye of INT <INT + 2 WIT -2> (3rd Class tranfer)-->
	<item id="49919" price="99000" /> <!-- Best Dye of MEN <MEN + 2 INT -2> (3rd Class tranfer)-->
	<item id="49920" price="99000" /> <!-- Best Dye of MEN <MEN + 2 WIT -2> (3rd Class tranfer)-->
	<item id="49921" price="99000" /> <!-- Best Dye of WIT <WIT + 2 INT -2> (3rd Class tranfer)-->
	<item id="49922" price="99000" /> <!-- Best Dye of WIT <WIT + 2 MEN -2> (3rd Class tranfer)-->
	<item id="49935" price="264000" /> <!-- Best Dye of STR <STR + 3 CON -3> (3rd Class tranfer)-->
	<item id="49936" price="264000" /> <!-- Best Dye of STR <STR + 3 DEX -3> (3rd Class tranfer)-->
	<item id="49937" price="264000" /> <!-- Best Dye of CON <CON + 3 STR -3> (3rd Class tranfer)-->
	<item id="49938" price="264000" /> <!-- Best Dye of CON <CON + 3 DEX -3> (3rd Class tranfer)-->
	<item id="49939" price="264000" /> <!-- Best Dye of DEX <DEX + 3 STR -3> (3rd Class tranfer)-->
	<item id="49940" price="264000" /> <!-- Best Dye of DEX <DEX + 3 CON -3> (3rd Class tranfer)-->
	<item id="49941" price="264000" /> <!-- Best Dye of INT <INT + 3 MEN -3> (3rd Class tranfer)-->
	<item id="49942" price="264000" /> <!-- Best Dye of INT <INT + 3 WIT -3> (3rd Class tranfer)-->
	<item id="49943" price="264000" /> <!-- Best Dye of MEN <MEN + 3 INT -3> (3rd Class tranfer)-->
	<item id="49944" price="264000" /> <!-- Best Dye of MEN <MEN + 3 WIT -3> (3rd Class tranfer)-->
	<item id="49945" price="264000" /> <!-- Best Dye of WIT <WIT + 3 INT -3> (3rd Class tranfer)-->
	<item id="49946" price="264000" /> <!-- Best Dye of WIT <WIT + 3 MEN -3> (3rd Class tranfer)-->
	<item id="49971" price="880000" /> <!-- Best Dye of STR <STR + 4 CON -4> (3rd Class tranfer)-->
	<item id="49972" price="880000" /> <!-- Best Dye of STR <STR + 4 DEX -4> (3rd Class tranfer)-->
	<item id="49973" price="880000" /> <!-- Best Dye of CON <CON + 4 STR -4> (3rd Class tranfer)-->
	<item id="49974" price="880000" /> <!-- Best Dye of CON <CON + 4 DEX -4> (3rd Class tranfer)-->
	<item id="49975" price="880000" /> <!-- Best Dye of DEX <DEX + 4 STR -4> (3rd Class tranfer)-->
	<item id="49976" price="880000" /> <!-- Best Dye of DEX <DEX + 4 CON -4> (3rd Class tranfer)-->
	<item id="49977" price="880000" /> <!-- Best Dye of INT <INT + 4 MEN -4> (3rd Class tranfer)-->
	<item id="49978" price="880000" /> <!-- Best Dye of INT <INT + 4 WIT -4> (3rd Class tranfer)-->
	<item id="49979" price="880000" /> <!-- Best Dye of MEN <MEN + 4 INT -4> (3rd Class tranfer)-->
	<item id="49980" price="880000" /> <!-- Best Dye of MEN <MEN + 4 WIT -4> (3rd Class tranfer)-->
	<item id="49981" price="880000" /> <!-- Best Dye of WIT <WIT + 4 INT -4> (3rd Class tranfer)-->
	<item id="49982" price="880000" /> <!-- Best Dye of WIT <WIT + 4 MEN -4> (3rd Class tranfer)-->
</list>