<?xml version="1.0" encoding="UTF-8"?>
<list xmlns:xsi="http://www.w3.org/2001/XMLSchema-instance" xsi:noNamespaceSchemaLocation="../xsd/buylist.xsd">
	<npcs>
		<npc>30136</npc> <!-- Payne -->
	</npcs>
	<item id="1121" price="8" /> <!-- Apprentice's Shoes -->
	<item id="462" price="105" /> <!-- Stockings -->
	<item id="426" price="169" /> <!-- Tunic -->
	<item id="18" price="44" /> <!-- Leather Shield -->
	<item id="48" price="42" /> <!-- Short Gloves -->
	<item id="35" price="42" /> <!-- Cloth Shoes -->
	<item id="36" price="42"/> <!-- Leather Sandals -->
	<item id="41" price="63" /> <!-- Cloth Cap -->
	<item id="1103" price="1748"/> <!-- Cotton Stockings -->
	<item id="1100" price="2794" /> <!-- Cotton Tunic -->
	<item id="463" price="1748" /> <!-- Feriotic Stockins -->
	<item id="428" price="2794" /> <!-- Feriotic Tunic -->
	<item id="19" price="733" /> <!-- Small Shield -->
	<item id="1119" price="698" /> <!-- Short Leather Gloves -->
	<item id="1129" price="698" /> <!-- Crude Leather Shoes -->
	<item id="1122" price="698" /> <!-- Cotton Shoes -->
	<item id="42" price="1047"/> <!-- Leather Cap -->
	<item id="464" price="5715"/> <!-- Leather Stockings -->
	<item id="429" price="9157"/> <!-- Leather Tunic -->
	<item id="20" price="3197" /> <!-- Buckler -->
	<item id="49" price="3047" /> <!-- Gloves -->
	<item id="37" price="3047" /> <!-- Leather Shoes -->
	<item id="43" price="4577" /> <!-- Wooden Helmet -->
	<item id="1104" price="14605" /> <!-- Stocking of Devotion -->
	<item id="1101" price="23345" /> <!-- Tunic of Devotion -->
	<item id="102" price="8176" /> <!-- Round Shield -->
	<item id="50" price="7785" /> <!-- Leather Gloves -->
	<item id="38" price="7785" /> <!-- Low Boots -->
	<item id="44" price="11730" /> <!-- Leather Helmet -->
</list>
