<?xml version="1.0" encoding="UTF-8"?>
<list xmlns:xsi="http://www.w3.org/2001/XMLSchema-instance" xsi:noNamespaceSchemaLocation="../xsd/buylist.xsd">
	<npcs>
		<npc>30135</npc> <!-- Iria -->
	</npcs>
	<item id="1" price="883" />	<!-- Short Sword -->
	<item id="4" price="883" />	<!-- Club -->
	<item id="11" price="883" />	<!-- Bone Dagger -->
	<item id="13" price="883" />	<!-- Short Bow -->
	<item id="253" price="883" />	<!-- Spiked Gloves -->
	<item id="152" price="9280" />	<!-- Heavy Chisel -->
	<item id="3" price="14375" />	<!-- Broadsword -->
	<item id="12" price="14375" />	<!-- Knife -->
	<item id="215" price="14375" />	<!-- Doom Dagger -->
	<item id="14" price="14375" />	<!-- Bow -->
	<item id="5" price="14375" />	<!-- Mace -->
	<item id="254" price="14375" />	<!-- Iron Gloves -->
	<item id="153" price="21275" />	<!-- Sickle -->
	<item id="1333" price="62215" />	<!--Brandish -->
	<item id="66" price="62215" />	<!-- Gladius -->
	<item id="67" price="62215" />	<!-- Orcish Sword -->
	<item id="122" price="62215" />	<!--Handmade Sword -->
	<item id="154" price="62215" />	<!-- Dwarven Mace -->
	<item id="216" price="62215" />	<!-- Dirk -->
	<item id="271" price="62215" />	<!-- Hunting Bow -->
	<item id="255" price="62215" />	<!-- Fox Claw Gloves -->
	<item id="2" price="156400" />	<!-- Long Sword -->
	<item id="218" price="156400" />	<!-- Throwing Knife -->
	<item id="272" price="156400" />	<!-- Forest Bow -->
	<item id="15" price="156400" />	<!-- Short Spear -->
	<item id="256" price="156400" />	<!-- Cestus -->
	<item id="5284" price="280600" />	<!-- Zweihander -->
</list>
