<?xml version="1.0" encoding="UTF-8"?>
<list xmlns:xsi="http://www.w3.org/2001/XMLSchema-instance" xsi:noNamespaceSchemaLocation="../xsd/buylist.xsd">
	<npcs>
		<npc>30165</npc> <!-- Ralford -->
	</npcs>
	<item id="17" price="2" /> <!-- Wooden Arrow -->
	<item id="1341" price="3" /> <!-- Bone Arrow -->
	<item id="1342" price="6" /> <!-- Steel Arrow -->
	<item id="1060" price="108" /> <!-- Healing Potion -->
	<item id="1061" price="396" /> <!-- Major Healing Potion -->
	<item id="1831" price="90" /> <!-- Antidote -->
	<item id="1832" price="216" /> <!-- Greater Antidote -->
	<item id="1833" price="90" /> <!-- Bandage -->
	<item id="1834" price="216" /> <!-- Emergency Dressing -->
	<item id="734" price="1440" /> <!-- Wind Walk Potion -->
	<item id="735" price="2880" /> <!-- Haste Potion -->
	<item id="6035" price="2880" /> <!-- Magic Haste Potion -->
	<item id="6037" price="120" /> <!-- Cancel Sleep Scroll -->
	<item id="736" price="480" /> <!-- Scroll of Escape -->
	<item id="737" price="2400" /> <!-- Scroll of Resurrection -->
	<item id="1829" price="600" /> <!-- Scroll of Escape : Clan Hall -->
	<item id="1830" price="600" /> <!-- Scroll of Escape : Castle -->
	<item id="5589" price="120" /> <!-- Momentum Stone -->
	<item id="1661" price="1200" /> <!-- Thief Key -->
</list>
