<?xml version="1.0" encoding="UTF-8"?>
<list xmlns:xsi="http://www.w3.org/2001/XMLSchema-instance" xsi:noNamespaceSchemaLocation="../xsd/buylist.xsd">
	<npcs>
		<npc>30207</npc> <!--Arodin -->
	</npcs>
	<item id="176" price="163200" /> <!-- Apprentice's Staff -->
	<item id="310" price="163200" /> <!-- Relic of the Saints -->
	<item id="177" price="292800" /> <!-- Mage Staff -->
	<item id="311" price="292800" /> <!-- Crucifix of Blessing -->
	<item id="100" price="292800" /> <!-- Voodoo Doll -->
	<item id="178" price="490800" /> <!-- Bone Staff -->
	<item id="101" price="490800" /> <!-- Scroll of Wisdom -->
	<item id="7885" price="490800" /> <!-- Priest Sword -->
	<item id="312" price="490800" /> <!-- Branch of Life -->
	<item id="314" price="490800" /> <!-- Proof of Revenge -->
	<item id="179" price="772800" /> <!-- Mace of Prayer -->
	<item id="182" price="772800" /> <!-- Doom Hammer -->
	<item id="183" price="772800" /> <!-- Mystic Staff -->
	<item id="185" price="772800" /> <!-- Staff of Mana -->
	<item id="315" price="772800" /> <!-- Divine Tome -->
	<item id="83" price="859200" /> <!-- Sword of Magic -->
	<item id="143" price="859200" /> <!-- Sword of Mystic -->
	<item id="144" price="859200" /> <!-- Sword of Occult -->
	<item id="238" price="1160400" /> <!-- Dagger of Mana -->
	<item id="239" price="1160400" /> <!-- Mystic Knife -->
	<item id="240" price="1160400" /> <!-- Conjurer's Knife -->
</list>
