<?xml version="1.0" encoding="UTF-8"?>
<list xmlns:xsi="http://www.w3.org/2001/XMLSchema-instance" xsi:noNamespaceSchemaLocation="../xsd/buylist.xsd">
	<npcs>
		<npc>30231</npc> <!-- Garette -->
	</npcs>
	<item id="908" price="15470" /> <!-- Necklace of Wisdom -->
	<item id="845" price="11557" /> <!-- Cat's Eye Earring -->
	<item id="877" price="7696" /> <!-- Ring of Wisdom -->
	<item id="909" price="27690" /> <!-- Blue Diamond Necklace -->
	<item id="846" price="20800" /> <!-- Coral Earring -->
	<item id="878" price="13910" /> <!-- Blue Coral Ring -->
	<item id="910" price="46670" /> <!-- Necklace of Devotion -->
	<item id="847" price="34970" /> <!-- Red Crescent -->
	<item id="890" price="23400" /> <!-- Ring of Devotion -->
</list>
