<?xml version="1.0" encoding="UTF-8"?>
<list xmlns:xsi="http://www.w3.org/2001/XMLSchema-instance" xsi:noNamespaceSchemaLocation="../xsd/buylist.xsd">
	<npcs>
		<npc>30254</npc> <!-- Harmony -->
	</npcs>
	<item id="1378" price="20259" /> <!-- Spellbook: Divine Heal -->
	<item id="1384" price="39134" /> <!-- Spellbook: Sprint -->
	<item id="1380" price="57438" /> <!-- Spellbook: Entangle -->
	<item id="1382" price="39134" /> <!-- Spellbook: Power Break -->
	<item id="1381" price="47481" /> <!-- Spellbook: Freezing Strike -->
	<item id="3038" price="25724" /> <!-- Blueprint: Summon Mechanic Golem -->
	<item id="1399" price="8953" /> <!-- Spellbook: Concentration -->
	<item id="1394" price="12723" /> <!-- Spellbook: Sleep -->
	<item id="1517" price="18057" /> <!-- Spellbook: Body To Mind -->
	<item id="1409" price="52417" /> <!-- Spellbook: Slow -->
	<item id="1416" price="52417" /> <!-- Spellbook: Curse Chaos -->
	<item id="1514" price="8953" /> <!-- Spellbook: Resurrection -->
	<item id="1415" price="12723" /> <!-- Spellbook: Dryad Root -->
	<item id="1398" price="18057" /> <!-- Spellbook: Focus -->
	<item id="1392" price="52417" /> <!-- Spellbook: Berserker Spirit -->
	<item id="1401" price="8953" /> <!-- Spellbook: Acumen -->
	<item id="1047" price="52417" /> <!-- Spellbook: Light -->
	<item id="1385" price="25724" /> <!-- Spellbook: Recharge -->
	<item id="1388" price="18057" /> <!-- Spellbook: Mental Shield -->
	<item id="1523" price="8953" /> <!-- Amulet: Chant of Shielding -->
	<item id="1521" price="1600" /> <!-- Amulet: Chant of Fire -->
	<item id="1536" price="18057" /> <!-- Amulet: Seal of Binding -->
	<item id="1519" price="31911" /> <!-- Amulet: Pa'agrio's Gift -->
	<item id="1518" price="31911" /> <!-- Amulet: Chant of Flame -->
	<item id="1530" price="52417" /> <!-- Amulet: Seal of Slow -->
	<item id="1391" price="18057" /> <!-- Spellbook: Empower -->
	<item id="1097" price="8953" /> <!-- Spellbook: Drain HP -->
</list>
