<?xml version="1.0" encoding="UTF-8"?>
<list xmlns:xsi="http://www.w3.org/2001/XMLSchema-instance" xsi:noNamespaceSchemaLocation="../xsd/buylist.xsd">
	<npcs>
		<npc>30314</npc>
	</npcs>
	<item id="908" price="14280" /> <!-- Necklace of Wisdom -->
	<item id="845" price="10668" /> <!-- Cat's Eye Earring -->
	<item id="877" price="7104" /> <!-- Ring of Wisdom -->
	<item id="909" price="25560" /> <!-- Blue Diamond Necklace -->
	<item id="846" price="19200" /> <!-- Coral Earring -->
	<item id="878" price="12840" /> <!-- Blue Coral Ring -->
	<item id="910" price="43080" /> <!-- Necklace of Devotion -->
	<item id="847" price="32280" /> <!-- Red Crescent -->
	<item id="890" price="21600" /> <!-- Ring of Devotion -->
</list>
