<?xml version="1.0" encoding="UTF-8"?>
<list xmlns:xsi="http://www.w3.org/2001/XMLSchema-instance" xsi:noNamespaceSchemaLocation="../xsd/buylist.xsd">
	<npcs>
		<npc>30560</npc> <!-- Uska -->
	</npcs>
	<item id="118" price="75" /> <!-- Necklace of Magic -->
	<item id="112" price="56" /> <!-- Apprentice's Earring -->
	<item id="116" price="37" /> <!-- Magic Ring -->
	<item id="906" price="1242" /> <!-- Necklace of Knowledge -->
	<item id="113" price="932" /> <!-- Mystic's Earring -->
	<item id="875" price="621" /> <!-- Ring of Knowledge -->
	<item id="907" price="5382" /> <!-- Necklace of Anguish -->
	<item id="114" price="4036" /> <!-- Earring of Strength -->
	<item id="115" price="4036" /> <!-- Earring of Wisdom -->
	<item id="876" price="2691" /> <!-- Ring of Anguish -->
	<item id="908" price="13685" /> <!-- Necklace of Wisdom -->
	<item id="845" price="10223" /> <!-- Cat's Eye Earring -->
	<item id="877" price="6808" /> <!-- Ring of Wisdom -->
</list>
