<?xml version="1.0" encoding="UTF-8"?>
<list xmlns:xsi="http://www.w3.org/2001/XMLSchema-instance" xsi:noNamespaceSchemaLocation="../xsd/buylist.xsd">
	<npcs>
		<npc>30834</npc> <!-- Cema -->
	</npcs>
	<item id="1835" price="10" /> <!-- Soulshot (No-grade) -->
	<item id="2509" price="22" /> <!-- Spiritshot (No-grade) -->
	<item id="3947" price="52" /> <!-- Blessed Spiritshot (No-grade) -->
	<item id="5146" price="17325" /> <!-- Blessed Spiritshot Compressed Package (No-grade) -->
	<item id="5140" price="7425" /> <!-- Spiritshot Compressed Package (No-grade) -->
	<item id="5134" price="3450" /> <!-- Soulshot Compressed Package (No-grade) -->
	<item id="5262" price="57750" /> <!-- Greater Blessed Spiritshot Compressed Package (No-grade) -->
	<item id="5256" price="24750" /> <!-- Greater Spiritshot Compressed Package (No-grade) -->
	<item id="5250" price="11550" /> <!-- Greater Soulshot Compressed Package (No-grade) -->
	<item id="17" price="3" /> <!-- Wooden Arrow -->
	<item id="1341" price="4" /> <!-- Bone Arrow -->
	<item id="1342" price="7" /> <!-- Steel Arrow -->
	<item id="1060" price="135" /> <!-- Healing Potion -->
	<item id="1061" price="495" /> <!-- Major Healing Potion -->
	<item id="1831" price="112" /> <!-- Antidote -->
	<item id="1832" price="270" /> <!-- Greater Antidote -->
	<item id="1833" price="112" /> <!-- Bandage -->
	<item id="1834" price="270" /> <!-- Emergency Dressing -->
	<item id="734" price="1800" /> <!-- Wind Walk Potion -->
	<item id="735" price="3600" /> <!-- Haste Potion -->
	<item id="6035" price="3600" /> <!-- Magic Haste Potion -->
	<item id="6037" price="150" /> <!-- Cancel Sleep Scroll -->
	<item id="736" price="600" /> <!-- Scroll of Escape -->
	<item id="737" price="3000" /> <!-- Scroll of Resurrection -->
	<item id="5589" price="150" /> <!-- Momentum Stone -->
	<item id="1661" price="1500" /> <!-- Thief Key -->
	<item id="2508" price="360" /> <!-- Cursed Bone -->
</list>
