<?xml version="1.0" encoding="UTF-8"?>
<list xmlns:xsi="http://www.w3.org/2001/XMLSchema-instance" xsi:noNamespaceSchemaLocation="../xsd/buylist.xsd">
	<npcs>
		<npc>34037</npc> <!-- Chortie -->
	</npcs>
	<item id="17" price="2" />	<!-- Wooden Arrow -->
	<item id="1341" price="3" />	<!-- Bone Arrow -->
	<item id="1342" price="5" />	<!-- Steel Arrow -->
	<item id="1060" price="99" />	<!-- Healing Potion -->
	<item id="1061" price="363" />	<!-- Major Healing Potion -->
	<item id="1831" price="82" />	<!-- Antidote -->
	<item id="1832" price="198" />	<!-- Greater Antidote -->
	<item id="1833" price="82" />	<!-- Bandage -->
	<item id="1834" price="198" />	<!-- Emergency Dressing -->
	<item id="734" price="1320" />	<!-- Wind Walk Potion -->
	<item id="735" price="2640" />	<!-- Haste Potion -->
	<item id="6035" price="2640" />	<!-- Magic Haste Potion  -->
	<item id="6037" price="110" />	<!-- Scroll: Cancel Sleep -->
	<item id="736" price="440" />	<!-- Scroll of Escape -->
	<item id="737" price="2200" />	<!-- Scroll of Resurrection -->
	<item id="3031" price="440" />	<!-- Spirit Ore -->
	<item id="1785" price="275" />	<!-- Soul Ore /Soulstone -->
	<item id="5589" price="110" />	<!-- Momentum Stone -->
	<item id="1661" price="1100" />	<!-- Thief Key -->
	<item id="5192" price="110" />	<!-- Magic Rope (D-grade) -->
	<item id="5193" price="165" />	<!-- Magic Rope (C-grade) -->
	<item id="2130" price="1100" />	<!-- Gemstone (D-grade) -->
	<item id="2131" price="3300" />	<!-- Gemstone (C-grade) -->
	<item id="4679" price="550" />	<!-- Eva's Blessing -->
</list>