<?xml version="1.0" encoding="UTF-8"?>
<list xmlns:xsi="http://www.w3.org/2001/XMLSchema-instance" xsi:noNamespaceSchemaLocation="../xsd/buylist.xsd">
	<npcs>
		<npc>35102</npc> <!-- Greenspan -->
	</npcs>
	<item id="6038" price="80000" />
	<item id="6039" price="100000" />
	<item id="6040" price="120000" />
	<item id="6041" price="250000" />
	<item id="6042" price="250000" />
	<item id="6043" price="80000" />
	<item id="6044" price="100000" />
	<item id="6045" price="120000" />
	<item id="6046" price="250000" />
	<item id="6047" price="250000" />
</list>
