<?xml version="1.0" encoding="UTF-8"?>
<list xmlns:xsi="http://www.w3.org/2001/XMLSchema-instance" xsi:noNamespaceSchemaLocation="../xsd/buylist.xsd">
	<npcs>
		<npc>35144</npc> <!-- Sanford -->
	</npcs>
	<item id="3973" price="50000" />
	<item id="3974" price="60000" />
	<item id="3975" price="70000" />
	<item id="3976" price="170000" />
	<item id="3977" price="170000" />
	<item id="3978" price="50000" />
	<item id="3979" price="60000" />
	<item id="3980" price="70000" />
	<item id="3981" price="170000" />
	<item id="3982" price="170000" />
</list>
