<?xml version="1.0" encoding="UTF-8"?>
<list xmlns:xsi="http://www.w3.org/2001/XMLSchema-instance" xsi:noNamespaceSchemaLocation="../xsd/buylist.xsd">
	<npcs>
		<npc>35186</npc> <!-- Arvid -->
	</npcs>
	<item id="3986" price="50000" />
	<item id="3987" price="60000" />
	<item id="3988" price="70000" />
	<item id="3989" price="170000" />
	<item id="3990" price="170000" />
	<item id="3991" price="50000" />
	<item id="3992" price="60000" />
	<item id="3993" price="70000" />
	<item id="3994" price="170000" />
	<item id="3995" price="170000" />
</list>
