<?xml version="1.0" encoding="UTF-8"?>
<list xmlns:xsi="http://www.w3.org/2001/XMLSchema-instance" xsi:noNamespaceSchemaLocation="../xsd/buylist.xsd">
	<npcs>
		<npc>35276</npc> <!-- Eldon -->
	</npcs>
	<item id="4012" price="50000" />
	<item id="4013" price="60000" />
	<item id="4014" price="70000" />
	<item id="4015" price="170000" />
	<item id="4016" price="170000" />
	<item id="4017" price="50000" />
	<item id="4018" price="60000" />
	<item id="4019" price="70000" />
	<item id="4020" price="170000" />
	<item id="4021" price="170000" />
</list>
