<?xml version="1.0" encoding="UTF-8"?>
<list xmlns:xsi="http://www.w3.org/2001/XMLSchema-instance" xsi:noNamespaceSchemaLocation="../xsd/buylist.xsd">
	<npcs>
		<npc>35276</npc> <!-- Eldon -->
	</npcs>
	<item id="6090" price="80000" />
	<item id="6091" price="100000" />
	<item id="6092" price="120000" />
	<item id="6093" price="250000" />
	<item id="6094" price="250000" />
	<item id="6095" price="80000" />
	<item id="6096" price="100000" />
	<item id="6097" price="120000" />
	<item id="6098" price="250000" />
	<item id="6099" price="250000" />
</list>
